sales_date,quantity,unit_price_at_sale,actual_sale_price,total_sale_value,product_line,product_type,brand,product_name,color,unit_cost,original_unit_price,retailer_name,retailer_type,country,method_type,product_id,retailer_id,method_id
3/9/2015,24,10.64,0,0,Golf Equipment,Golf Accessories,Course Pro,Course Pro Golf and Tee Set,Multicolored,2.88,10.64,Hurst Ironmongers,Golf Shop,United Kingdom,Telephone,112110,1280,2
3/9/2015,24,12.81,0,0,Golf Equipment,Golf Accessories,Course Pro,Course Pro Umbrella,Red,6.08,12.81,Hurst Ironmongers,Golf Shop,United Kingdom,Telephone,113110,1280,2
3/9/2015,26,12.81,0,0,Golf Equipment,Golf Accessories,Course Pro,Course Pro Umbrella,Red,6.08,12.81,Hurst Ironmongers,Golf Shop,United Kingdom,Telephone,113110,1280,2
4/23/2015,70,26,26,1820,Personal Accessories,Eyewear,Trakker,Cat Eye,Pink,18.13,26.63,Hurst Ironmongers,Golf Shop,United Kingdom,Web,124140,1280,5
7/15/2015,129,26,26,3354,Personal Accessories,Eyewear,Trakker,Cat Eye,Pink,18.13,26.63,Hurst Ironmongers,Golf Shop,United Kingdom,Web,124140,1280,5
2/13/2015,72,26,26,1872,Personal Accessories,Eyewear,Trakker,Cat Eye,Pink,18.13,26.63,Hurst Ironmongers,Golf Shop,United Kingdom,Web,124140,1280,5
7/19/2015,142,26,26,3692,Personal Accessories,Eyewear,Trakker,Cat Eye,Pink,18.13,26.63,Hurst Ironmongers,Golf Shop,United Kingdom,Web,124140,1280,5
4/23/2015,97,26,26,2522,Personal Accessories,Eyewear,Trakker,Cat Eye,Pink,18.13,26.63,Hurst Ironmongers,Golf Shop,United Kingdom,Web,124140,1280,5
2/9/2015,91,26,26,2366,Personal Accessories,Eyewear,Trakker,Cat Eye,Pink,18.13,26.63,Hurst Ironmongers,Golf Shop,United Kingdom,Web,124140,1280,5
2/16/2015,100,26,26,2600,Personal Accessories,Eyewear,Trakker,Cat Eye,Pink,18.13,26.63,Hurst Ironmongers,Golf Shop,United Kingdom,Web,124140,1280,5
7/16/2015,102,26,26,2652,Personal Accessories,Eyewear,Trakker,Cat Eye,Pink,18.13,26.63,Hurst Ironmongers,Golf Shop,United Kingdom,Web,124140,1280,5
4/20/2015,88,26,26,2288,Personal Accessories,Eyewear,Trakker,Cat Eye,Pink,18.13,26.63,Hurst Ironmongers,Golf Shop,United Kingdom,Web,124140,1280,5
4/23/2015,23,80,80,1840,Personal Accessories,Eyewear,Alpha,Maximus,Black,40.65,81.22,Hurst Ironmongers,Golf Shop,United Kingdom,Web,132110,1280,5
1/21/2015,29,80,80,2320,Personal Accessories,Eyewear,Alpha,Maximus,Brown,40.47,80.45,Hurst Ironmongers,Golf Shop,United Kingdom,Web,132120,1280,5
12/16/2015,51,80,80,4080,Personal Accessories,Eyewear,Alpha,Maximus,Black,40.65,81.22,Hurst Ironmongers,Golf Shop,United Kingdom,Web,132110,1280,5
12/17/2015,6,80,80,480,Personal Accessories,Eyewear,Alpha,Maximus,Black,40.65,81.22,Hurst Ironmongers,Golf Shop,United Kingdom,Web,132110,1280,5
12/10/2015,57,80,80,4560,Personal Accessories,Eyewear,Alpha,Maximus,Black,40.65,81.22,Hurst Ironmongers,Golf Shop,United Kingdom,Web,132110,1280,5
7/15/2015,6,80,80,480,Personal Accessories,Eyewear,Alpha,Maximus,Black,40.65,81.22,Hurst Ironmongers,Golf Shop,United Kingdom,Web,132110,1280,5
11/9/2015,33,80,80,2640,Personal Accessories,Eyewear,Alpha,Maximus,Brown,40.47,80.45,Hurst Ironmongers,Golf Shop,United Kingdom,Web,132120,1280,5
1/23/2015,32,80,80,2560,Personal Accessories,Eyewear,Alpha,Maximus,Brown,40.47,80.45,Hurst Ironmongers,Golf Shop,United Kingdom,Web,132120,1280,5
7/19/2015,6,80,80,480,Personal Accessories,Eyewear,Alpha,Maximus,Black,40.65,81.22,Hurst Ironmongers,Golf Shop,United Kingdom,Web,132110,1280,5
11/15/2015,37,80,80,2960,Personal Accessories,Eyewear,Alpha,Maximus,Brown,40.47,80.45,Hurst Ironmongers,Golf Shop,United Kingdom,Web,132120,1280,5
8/16/2015,29,80,80,2320,Personal Accessories,Eyewear,Alpha,Maximus,Brown,40.47,80.45,Hurst Ironmongers,Golf Shop,United Kingdom,Web,132120,1280,5
12/17/2015,7,80,80,560,Personal Accessories,Eyewear,Alpha,Maximus,Black,40.65,81.22,Hurst Ironmongers,Golf Shop,United Kingdom,Web,132110,1280,5
4/23/2015,31,80,80,2480,Personal Accessories,Eyewear,Alpha,Maximus,Black,40.65,81.22,Hurst Ironmongers,Golf Shop,United Kingdom,Web,132110,1280,5
6/8/2015,3,80,80,240,Personal Accessories,Eyewear,Alpha,Maximus,Brown,40.47,80.45,Hurst Ironmongers,Golf Shop,United Kingdom,Web,132120,1280,5
12/6/2015,8,80,80,640,Personal Accessories,Eyewear,Alpha,Maximus,Black,40.65,81.22,Hurst Ironmongers,Golf Shop,United Kingdom,Web,132110,1280,5
1/12/2015,23,80,80,1840,Personal Accessories,Eyewear,Alpha,Maximus,Brown,40.47,80.45,Hurst Ironmongers,Golf Shop,United Kingdom,Web,132120,1280,5
8/10/2015,36,80,80,2880,Personal Accessories,Eyewear,Alpha,Maximus,Brown,40.47,80.45,Hurst Ironmongers,Golf Shop,United Kingdom,Web,132120,1280,5
12/15/2015,41,80,80,3280,Personal Accessories,Eyewear,Alpha,Maximus,Black,40.65,81.22,Hurst Ironmongers,Golf Shop,United Kingdom,Web,132110,1280,5
11/8/2015,27,80,80,2160,Personal Accessories,Eyewear,Alpha,Maximus,Brown,40.47,80.45,Hurst Ironmongers,Golf Shop,United Kingdom,Web,132120,1280,5
8/13/2015,40,80,80,3200,Personal Accessories,Eyewear,Alpha,Maximus,Brown,40.47,80.45,Hurst Ironmongers,Golf Shop,United Kingdom,Web,132120,1280,5
7/16/2015,4,80,80,320,Personal Accessories,Eyewear,Alpha,Maximus,Black,40.65,81.22,Hurst Ironmongers,Golf Shop,United Kingdom,Web,132110,1280,5
6/18/2015,3,80,80,240,Personal Accessories,Eyewear,Alpha,Maximus,Brown,40.47,80.45,Hurst Ironmongers,Golf Shop,United Kingdom,Web,132120,1280,5
4/20/2015,28,80,80,2240,Personal Accessories,Eyewear,Alpha,Maximus,Black,40.65,81.22,Hurst Ironmongers,Golf Shop,United Kingdom,Web,132110,1280,5
12/16/2015,18,200,200,3600,Personal Accessories,Watches,Xray,TX,Camouflage,107.42,203.08,Hurst Ironmongers,Golf Shop,United Kingdom,Web,144150,1280,5
12/17/2015,1,200,200,200,Personal Accessories,Watches,Xray,TX,Camouflage,107.42,203.08,Hurst Ironmongers,Golf Shop,United Kingdom,Web,144150,1280,5
12/10/2015,20,200,200,4000,Personal Accessories,Watches,Xray,TX,Camouflage,107.42,203.08,Hurst Ironmongers,Golf Shop,United Kingdom,Web,144150,1280,5
12/17/2015,1,200,200,200,Personal Accessories,Watches,Xray,TX,Camouflage,107.42,203.08,Hurst Ironmongers,Golf Shop,United Kingdom,Web,144150,1280,5
12/6/2015,1,200,200,200,Personal Accessories,Watches,Xray,TX,Camouflage,107.42,203.08,Hurst Ironmongers,Golf Shop,United Kingdom,Web,144150,1280,5
12/15/2015,14,200,200,2800,Personal Accessories,Watches,Xray,TX,Camouflage,107.42,203.08,Hurst Ironmongers,Golf Shop,United Kingdom,Web,144150,1280,5
4/23/2015,43,42.25,42.25,1816.75,Personal Accessories,Eyewear,Trakker,Cat Eye,Black,28.17,43.64,Hurst Ironmongers,Golf Shop,United Kingdom,Web,124190,1280,5
4/23/2015,41,42.25,42.25,1732.25,Personal Accessories,Eyewear,Antoni,Dante,Blue,26.04,43.2,Hurst Ironmongers,Golf Shop,United Kingdom,Web,126110,1280,5
6/16/2015,110,42.25,42.25,4647.5,Personal Accessories,Eyewear,Antoni,Dante,Blue,26.04,43.2,Hurst Ironmongers,Golf Shop,United Kingdom,Web,126110,1280,5
3/10/2015,70,42.25,42.25,2957.5,Personal Accessories,Eyewear,Trakker,Cat Eye,Black,28.17,43.64,Hurst Ironmongers,Golf Shop,United Kingdom,Web,124190,1280,5
3/10/2015,71,42.25,42.25,2999.75,Personal Accessories,Eyewear,Antoni,Dante,Blue,26.04,43.2,Hurst Ironmongers,Golf Shop,United Kingdom,Web,126110,1280,5
3/10/2015,79,42.25,42.25,3337.75,Personal Accessories,Eyewear,Antoni,Dante,Red,28.21,43.68,Hurst Ironmongers,Golf Shop,United Kingdom,Web,126140,1280,5
6/7/2015,99,42.25,42.25,4182.75,Personal Accessories,Eyewear,Antoni,Dante,Blue,26.04,43.2,Hurst Ironmongers,Golf Shop,United Kingdom,Web,126110,1280,5
10/18/2015,47,42.25,42.25,1985.75,Personal Accessories,Eyewear,Antoni,Dante,Blue,26.04,43.2,Hurst Ironmongers,Golf Shop,United Kingdom,Web,126110,1280,5
1/21/2015,52,42.25,42.25,2197,Personal Accessories,Eyewear,Trakker,Cat Eye,Black,28.17,43.64,Hurst Ironmongers,Golf Shop,United Kingdom,Web,124190,1280,5
1/21/2015,55,42.25,42.25,2323.75,Personal Accessories,Eyewear,Antoni,Dante,Blue,26.04,43.2,Hurst Ironmongers,Golf Shop,United Kingdom,Web,126110,1280,5
7/15/2015,78,42.25,42.25,3295.5,Personal Accessories,Eyewear,Antoni,Dante,Blue,26.04,43.2,Hurst Ironmongers,Golf Shop,United Kingdom,Web,126110,1280,5
7/15/2015,83,42.25,42.25,3506.75,Personal Accessories,Eyewear,Antoni,Dante,Red,28.21,43.68,Hurst Ironmongers,Golf Shop,United Kingdom,Web,126140,1280,5
2/13/2015,42,42.25,42.25,1774.5,Personal Accessories,Eyewear,Trakker,Cat Eye,Black,28.17,43.64,Hurst Ironmongers,Golf Shop,United Kingdom,Web,124190,1280,5
1/23/2015,57,42.25,42.25,2408.25,Personal Accessories,Eyewear,Trakker,Cat Eye,Black,28.17,43.64,Hurst Ironmongers,Golf Shop,United Kingdom,Web,124190,1280,5
1/23/2015,61,42.25,42.25,2577.25,Personal Accessories,Eyewear,Antoni,Dante,Blue,26.04,43.2,Hurst Ironmongers,Golf Shop,United Kingdom,Web,126110,1280,5
3/9/2015,63,42.25,42.25,2661.75,Personal Accessories,Eyewear,Trakker,Cat Eye,Black,28.17,43.64,Hurst Ironmongers,Golf Shop,United Kingdom,Web,124190,1280,5
3/9/2015,65,42.25,42.25,2746.25,Personal Accessories,Eyewear,Antoni,Dante,Blue,26.04,43.2,Hurst Ironmongers,Golf Shop,United Kingdom,Web,126110,1280,5
3/9/2015,71,42.25,42.25,2999.75,Personal Accessories,Eyewear,Antoni,Dante,Red,28.21,43.68,Hurst Ironmongers,Golf Shop,United Kingdom,Web,126140,1280,5
7/19/2015,86,42.25,42.25,3633.5,Personal Accessories,Eyewear,Antoni,Dante,Blue,26.04,43.2,Hurst Ironmongers,Golf Shop,United Kingdom,Web,126110,1280,5
7/19/2015,91,42.25,42.25,3844.75,Personal Accessories,Eyewear,Antoni,Dante,Red,28.21,43.68,Hurst Ironmongers,Golf Shop,United Kingdom,Web,126140,1280,5
3/16/2015,50,42.25,42.25,2112.5,Personal Accessories,Eyewear,Trakker,Cat Eye,Black,28.17,43.64,Hurst Ironmongers,Golf Shop,United Kingdom,Web,124190,1280,5
3/16/2015,52,42.25,42.25,2197,Personal Accessories,Eyewear,Antoni,Dante,Blue,26.04,43.2,Hurst Ironmongers,Golf Shop,United Kingdom,Web,126110,1280,5
3/16/2015,57,42.25,42.25,2408.25,Personal Accessories,Eyewear,Antoni,Dante,Red,28.21,43.68,Hurst Ironmongers,Golf Shop,United Kingdom,Web,126140,1280,5
6/18/2015,79,42.25,42.25,3337.75,Personal Accessories,Eyewear,Antoni,Dante,Blue,26.04,43.2,Hurst Ironmongers,Golf Shop,United Kingdom,Web,126110,1280,5
4/23/2015,59,42.25,42.25,2492.75,Personal Accessories,Eyewear,Trakker,Cat Eye,Black,28.17,43.64,Hurst Ironmongers,Golf Shop,United Kingdom,Web,124190,1280,5
4/23/2015,57,42.25,42.25,2408.25,Personal Accessories,Eyewear,Antoni,Dante,Blue,26.04,43.2,Hurst Ironmongers,Golf Shop,United Kingdom,Web,126110,1280,5
10/18/2015,59,42.25,42.25,2492.75,Personal Accessories,Eyewear,Antoni,Dante,Blue,26.04,43.2,Hurst Ironmongers,Golf Shop,United Kingdom,Web,126110,1280,5
10/22/2015,65,42.25,42.25,2746.25,Personal Accessories,Eyewear,Antoni,Dante,Blue,26.04,43.2,Hurst Ironmongers,Golf Shop,United Kingdom,Web,126110,1280,5
2/9/2015,53,42.25,42.25,2239.25,Personal Accessories,Eyewear,Trakker,Cat Eye,Black,28.17,43.64,Hurst Ironmongers,Golf Shop,United Kingdom,Web,124190,1280,5
1/12/2015,41,42.25,42.25,1732.25,Personal Accessories,Eyewear,Trakker,Cat Eye,Black,28.17,43.64,Hurst Ironmongers,Golf Shop,United Kingdom,Web,124190,1280,5
1/12/2015,44,42.25,42.25,1859,Personal Accessories,Eyewear,Antoni,Dante,Blue,26.04,43.2,Hurst Ironmongers,Golf Shop,United Kingdom,Web,126110,1280,5
2/16/2015,59,42.25,42.25,2492.75,Personal Accessories,Eyewear,Trakker,Cat Eye,Black,28.17,43.64,Hurst Ironmongers,Golf Shop,United Kingdom,Web,124190,1280,5
7/16/2015,62,42.25,42.25,2619.5,Personal Accessories,Eyewear,Antoni,Dante,Blue,26.04,43.2,Hurst Ironmongers,Golf Shop,United Kingdom,Web,126110,1280,5
7/16/2015,66,42.25,42.25,2788.5,Personal Accessories,Eyewear,Antoni,Dante,Red,28.21,43.68,Hurst Ironmongers,Golf Shop,United Kingdom,Web,126140,1280,5
4/20/2015,54,42.25,42.25,2281.5,Personal Accessories,Eyewear,Trakker,Cat Eye,Black,28.17,43.64,Hurst Ironmongers,Golf Shop,United Kingdom,Web,124190,1280,5
4/20/2015,52,42.25,42.25,2197,Personal Accessories,Eyewear,Antoni,Dante,Blue,26.04,43.2,Hurst Ironmongers,Golf Shop,United Kingdom,Web,126110,1280,5
10/18/2015,49,40.5,40.5,1984.5,Personal Accessories,Eyewear,Trakker,Hawk Eye,Camouflage,23.68,41.93,Hurst Ironmongers,Golf Shop,United Kingdom,Web,148130,1280,5
7/15/2015,84,40.5,40.5,3402,Personal Accessories,Eyewear,Trakker,Hawk Eye,Camouflage,23.68,41.93,Hurst Ironmongers,Golf Shop,United Kingdom,Web,148130,1280,5
7/19/2015,93,40.5,40.5,3766.5,Personal Accessories,Eyewear,Trakker,Hawk Eye,Camouflage,23.68,41.93,Hurst Ironmongers,Golf Shop,United Kingdom,Web,148130,1280,5
8/16/2015,60,40.5,40.5,2430,Personal Accessories,Eyewear,Trakker,Hawk Eye,Camouflage,23.68,41.93,Hurst Ironmongers,Golf Shop,United Kingdom,Web,148130,1280,5
10/18/2015,61,40.5,40.5,2470.5,Personal Accessories,Eyewear,Trakker,Hawk Eye,Camouflage,23.68,41.93,Hurst Ironmongers,Golf Shop,United Kingdom,Web,148130,1280,5
10/22/2015,68,40.5,40.5,2754,Personal Accessories,Eyewear,Trakker,Hawk Eye,Camouflage,23.68,41.93,Hurst Ironmongers,Golf Shop,United Kingdom,Web,148130,1280,5
8/10/2015,76,40.5,40.5,3078,Personal Accessories,Eyewear,Trakker,Hawk Eye,Camouflage,23.68,41.93,Hurst Ironmongers,Golf Shop,United Kingdom,Web,148130,1280,5
8/13/2015,84,40.5,40.5,3402,Personal Accessories,Eyewear,Trakker,Hawk Eye,Camouflage,23.68,41.93,Hurst Ironmongers,Golf Shop,United Kingdom,Web,148130,1280,5
7/16/2015,67,40.5,40.5,2713.5,Personal Accessories,Eyewear,Trakker,Hawk Eye,Camouflage,23.68,41.93,Hurst Ironmongers,Golf Shop,United Kingdom,Web,148130,1280,5
4/23/2015,29,65,65,1885,Personal Accessories,Eyewear,Antoni,Bella,Pink,36.44,66.95,Hurst Ironmongers,Golf Shop,United Kingdom,Web,122120,1280,5
6/16/2015,77,65,65,5005,Personal Accessories,Eyewear,Antoni,Bella,Pink,36.44,66.95,Hurst Ironmongers,Golf Shop,United Kingdom,Web,122120,1280,5
6/16/2015,72,65,65,4680,Personal Accessories,Eyewear,Epoch,Inferno,Black,39.47,65.61,Hurst Ironmongers,Golf Shop,United Kingdom,Web,128140,1280,5
3/10/2015,46,65,65,2990,Personal Accessories,Eyewear,Epoch,Inferno,Black,39.47,65.61,Hurst Ironmongers,Golf Shop,United Kingdom,Web,128140,1280,5
6/7/2015,70,65,65,4550,Personal Accessories,Eyewear,Antoni,Bella,Pink,36.44,66.95,Hurst Ironmongers,Golf Shop,United Kingdom,Web,122120,1280,5
6/7/2015,65,65,65,4225,Personal Accessories,Eyewear,Epoch,Inferno,Black,39.47,65.61,Hurst Ironmongers,Golf Shop,United Kingdom,Web,128140,1280,5
1/21/2015,37,65,65,2405,Personal Accessories,Eyewear,Antoni,Bella,Pink,36.44,66.95,Hurst Ironmongers,Golf Shop,United Kingdom,Web,122120,1280,5
1/21/2015,37,65,65,2405,Personal Accessories,Eyewear,Epoch,Inferno,Black,39.47,65.61,Hurst Ironmongers,Golf Shop,United Kingdom,Web,128140,1280,5
12/16/2015,59,65,65,3835,Personal Accessories,Eyewear,Epoch,Inferno,Black,39.47,65.61,Hurst Ironmongers,Golf Shop,United Kingdom,Web,128140,1280,5
12/10/2015,65,65,65,4225,Personal Accessories,Eyewear,Epoch,Inferno,Black,39.47,65.61,Hurst Ironmongers,Golf Shop,United Kingdom,Web,128140,1280,5
7/15/2015,54,65,65,3510,Personal Accessories,Eyewear,Epoch,Inferno,Black,39.47,65.61,Hurst Ironmongers,Golf Shop,United Kingdom,Web,128140,1280,5
11/9/2015,41,65,65,2665,Personal Accessories,Eyewear,Epoch,Inferno,Blue,39.26,65.19,Hurst Ironmongers,Golf Shop,United Kingdom,Web,128150,1280,5
2/13/2015,26,65,65,1690,Personal Accessories,Eyewear,Epoch,Inferno,Blue,39.26,65.19,Hurst Ironmongers,Golf Shop,United Kingdom,Web,128150,1280,5
1/23/2015,41,65,65,2665,Personal Accessories,Eyewear,Antoni,Bella,Pink,36.44,66.95,Hurst Ironmongers,Golf Shop,United Kingdom,Web,122120,1280,5
1/23/2015,40,65,65,2600,Personal Accessories,Eyewear,Epoch,Inferno,Black,39.47,65.61,Hurst Ironmongers,Golf Shop,United Kingdom,Web,128140,1280,5
5/18/2015,43,65,65,2795,Personal Accessories,Eyewear,Epoch,Inferno,Black,39.47,65.61,Hurst Ironmongers,Golf Shop,United Kingdom,Web,128140,1280,5
5/18/2015,40,65,65,2600,Personal Accessories,Eyewear,Epoch,Inferno,Blue,39.26,65.19,Hurst Ironmongers,Golf Shop,United Kingdom,Web,128150,1280,5
3/9/2015,41,65,65,2665,Personal Accessories,Eyewear,Epoch,Inferno,Black,39.47,65.61,Hurst Ironmongers,Golf Shop,United Kingdom,Web,128140,1280,5
7/19/2015,60,65,65,3900,Personal Accessories,Eyewear,Epoch,Inferno,Black,39.47,65.61,Hurst Ironmongers,Golf Shop,United Kingdom,Web,128140,1280,5
11/15/2015,45,65,65,2925,Personal Accessories,Eyewear,Epoch,Inferno,Blue,39.26,65.19,Hurst Ironmongers,Golf Shop,United Kingdom,Web,128150,1280,5
3/16/2015,33,65,65,2145,Personal Accessories,Eyewear,Epoch,Inferno,Black,39.47,65.61,Hurst Ironmongers,Golf Shop,United Kingdom,Web,128140,1280,5
6/18/2015,56,65,65,3640,Personal Accessories,Eyewear,Antoni,Bella,Pink,36.44,66.95,Hurst Ironmongers,Golf Shop,United Kingdom,Web,122120,1280,5
6/18/2015,52,65,65,3380,Personal Accessories,Eyewear,Epoch,Inferno,Black,39.47,65.61,Hurst Ironmongers,Golf Shop,United Kingdom,Web,128140,1280,5
4/23/2015,40,65,65,2600,Personal Accessories,Eyewear,Antoni,Bella,Pink,36.44,66.95,Hurst Ironmongers,Golf Shop,United Kingdom,Web,122120,1280,5
2/9/2015,33,65,65,2145,Personal Accessories,Eyewear,Epoch,Inferno,Blue,39.26,65.19,Hurst Ironmongers,Golf Shop,United Kingdom,Web,128150,1280,5
1/12/2015,29,65,65,1885,Personal Accessories,Eyewear,Antoni,Bella,Pink,36.44,66.95,Hurst Ironmongers,Golf Shop,United Kingdom,Web,122120,1280,5
1/12/2015,29,65,65,1885,Personal Accessories,Eyewear,Epoch,Inferno,Black,39.47,65.61,Hurst Ironmongers,Golf Shop,United Kingdom,Web,128140,1280,5
2/16/2015,36,65,65,2340,Personal Accessories,Eyewear,Epoch,Inferno,Blue,39.26,65.19,Hurst Ironmongers,Golf Shop,United Kingdom,Web,128150,1280,5
12/15/2015,47,65,65,3055,Personal Accessories,Eyewear,Epoch,Inferno,Black,39.47,65.61,Hurst Ironmongers,Golf Shop,United Kingdom,Web,128140,1280,5
5/13/2015,54,65,65,3510,Personal Accessories,Eyewear,Epoch,Inferno,Black,39.47,65.61,Hurst Ironmongers,Golf Shop,United Kingdom,Web,128140,1280,5
5/13/2015,50,65,65,3250,Personal Accessories,Eyewear,Epoch,Inferno,Blue,39.26,65.19,Hurst Ironmongers,Golf Shop,United Kingdom,Web,128150,1280,5
11/8/2015,33,65,65,2145,Personal Accessories,Eyewear,Epoch,Inferno,Blue,39.26,65.19,Hurst Ironmongers,Golf Shop,United Kingdom,Web,128150,1280,5
5/11/2015,59,65,65,3835,Personal Accessories,Eyewear,Epoch,Inferno,Black,39.47,65.61,Hurst Ironmongers,Golf Shop,United Kingdom,Web,128140,1280,5
5/11/2015,55,65,65,3575,Personal Accessories,Eyewear,Epoch,Inferno,Blue,39.26,65.19,Hurst Ironmongers,Golf Shop,United Kingdom,Web,128150,1280,5
7/16/2015,43,65,65,2795,Personal Accessories,Eyewear,Epoch,Inferno,Black,39.47,65.61,Hurst Ironmongers,Golf Shop,United Kingdom,Web,128140,1280,5
4/20/2015,36,65,65,2340,Personal Accessories,Eyewear,Antoni,Bella,Pink,36.44,66.95,Hurst Ironmongers,Golf Shop,United Kingdom,Web,122120,1280,5
4/23/2015,7,260,260,1820,Personal Accessories,Watches,Epoch,Legend,Silver,148.6,267.69,Hurst Ironmongers,Golf Shop,United Kingdom,Web,145170,1280,5
6/16/2015,18,260,260,4680,Personal Accessories,Watches,Epoch,Legend,Silver,148.6,267.69,Hurst Ironmongers,Golf Shop,United Kingdom,Web,145170,1280,5
6/7/2015,16,260,260,4160,Personal Accessories,Watches,Epoch,Legend,Silver,148.6,267.69,Hurst Ironmongers,Golf Shop,United Kingdom,Web,145170,1280,5
1/21/2015,9,260,260,2340,Personal Accessories,Watches,Epoch,Legend,Silver,148.6,267.69,Hurst Ironmongers,Golf Shop,United Kingdom,Web,145170,1280,5
7/15/2015,13,260,260,3380,Personal Accessories,Watches,Epoch,Legend,Silver,148.6,267.69,Hurst Ironmongers,Golf Shop,United Kingdom,Web,145170,1280,5
9/8/2015,9,260,260,2340,Personal Accessories,Watches,Epoch,Legend,Silver,148.6,267.69,Hurst Ironmongers,Golf Shop,United Kingdom,Web,145170,1280,5
1/23/2015,10,260,260,2600,Personal Accessories,Watches,Epoch,Legend,Silver,148.6,267.69,Hurst Ironmongers,Golf Shop,United Kingdom,Web,145170,1280,5
5/18/2015,10,260,260,2600,Personal Accessories,Watches,Epoch,Legend,Silver,148.6,267.69,Hurst Ironmongers,Golf Shop,United Kingdom,Web,145170,1280,5
9/8/2015,10,260,260,2600,Personal Accessories,Watches,Epoch,Legend,Silver,148.6,267.69,Hurst Ironmongers,Golf Shop,United Kingdom,Web,145170,1280,5
7/19/2015,14,260,260,3640,Personal Accessories,Watches,Epoch,Legend,Silver,148.6,267.69,Hurst Ironmongers,Golf Shop,United Kingdom,Web,145170,1280,5
8/16/2015,9,260,260,2340,Personal Accessories,Watches,Epoch,Legend,Silver,154.41,264.24,Hurst Ironmongers,Golf Shop,United Kingdom,Web,145130,1280,5
6/18/2015,13,260,260,3380,Personal Accessories,Watches,Epoch,Legend,Silver,148.6,267.69,Hurst Ironmongers,Golf Shop,United Kingdom,Web,145170,1280,5
4/23/2015,9,260,260,2340,Personal Accessories,Watches,Epoch,Legend,Silver,148.6,267.69,Hurst Ironmongers,Golf Shop,United Kingdom,Web,145170,1280,5
1/12/2015,7,260,260,1820,Personal Accessories,Watches,Epoch,Legend,Silver,148.6,267.69,Hurst Ironmongers,Golf Shop,United Kingdom,Web,145170,1280,5
8/10/2015,12,260,260,3120,Personal Accessories,Watches,Epoch,Legend,Silver,154.41,264.24,Hurst Ironmongers,Golf Shop,United Kingdom,Web,145130,1280,5
5/13/2015,13,260,260,3380,Personal Accessories,Watches,Epoch,Legend,Silver,148.6,267.69,Hurst Ironmongers,Golf Shop,United Kingdom,Web,145170,1280,5
8/13/2015,13,260,260,3380,Personal Accessories,Watches,Epoch,Legend,Silver,154.41,264.24,Hurst Ironmongers,Golf Shop,United Kingdom,Web,145130,1280,5
5/11/2015,14,260,260,3640,Personal Accessories,Watches,Epoch,Legend,Silver,148.6,267.69,Hurst Ironmongers,Golf Shop,United Kingdom,Web,145170,1280,5
7/16/2015,10,260,260,2600,Personal Accessories,Watches,Epoch,Legend,Silver,148.6,267.69,Hurst Ironmongers,Golf Shop,United Kingdom,Web,145170,1280,5
9/9/2015,7,260,260,1820,Personal Accessories,Watches,Epoch,Legend,Silver,148.6,267.69,Hurst Ironmongers,Golf Shop,United Kingdom,Web,145170,1280,5
4/20/2015,8,260,260,2080,Personal Accessories,Watches,Epoch,Legend,Silver,148.6,267.69,Hurst Ironmongers,Golf Shop,United Kingdom,Web,145170,1280,5
4/23/2015,25,70,70,1750,Personal Accessories,Watches,Relax,Venue,Black,41.5,71.93,Hurst Ironmongers,Golf Shop,United Kingdom,Web,125110,1280,5
6/16/2015,67,70,70,4690,Personal Accessories,Watches,Relax,Venue,Black,41.5,71.93,Hurst Ironmongers,Golf Shop,United Kingdom,Web,125110,1280,5
6/16/2015,69,70,70,4830,Personal Accessories,Watches,Relax,Venue,Green,41.58,72,Hurst Ironmongers,Golf Shop,United Kingdom,Web,125120,1280,5
3/10/2015,42,70,70,2940,Personal Accessories,Watches,Relax,Venue,Green,41.58,72,Hurst Ironmongers,Golf Shop,United Kingdom,Web,125120,1280,5
6/7/2015,60,70,70,4200,Personal Accessories,Watches,Relax,Venue,Black,41.5,71.93,Hurst Ironmongers,Golf Shop,United Kingdom,Web,125110,1280,5
6/7/2015,63,70,70,4410,Personal Accessories,Watches,Relax,Venue,Green,41.58,72,Hurst Ironmongers,Golf Shop,United Kingdom,Web,125120,1280,5
1/21/2015,40,70,70,2800,Personal Accessories,Watches,Relax,Venue,Black,41.5,71.93,Hurst Ironmongers,Golf Shop,United Kingdom,Web,125110,1280,5
12/16/2015,60,70,70,4200,Personal Accessories,Watches,Relax,Venue,Green,41.58,72,Hurst Ironmongers,Golf Shop,United Kingdom,Web,125120,1280,5
12/10/2015,66,70,70,4620,Personal Accessories,Watches,Relax,Venue,Green,41.58,72,Hurst Ironmongers,Golf Shop,United Kingdom,Web,125120,1280,5
11/9/2015,39,70,70,2730,Personal Accessories,Watches,Relax,Venue,Green,41.58,72,Hurst Ironmongers,Golf Shop,United Kingdom,Web,125120,1280,5
9/8/2015,38,70,70,2660,Personal Accessories,Watches,Relax,Venue,Green,41.58,72,Hurst Ironmongers,Golf Shop,United Kingdom,Web,125120,1280,5
1/23/2015,38,70,70,2660,Personal Accessories,Watches,Relax,Venue,Black,41.5,71.93,Hurst Ironmongers,Golf Shop,United Kingdom,Web,125110,1280,5
5/18/2015,40,70,70,2800,Personal Accessories,Watches,Relax,Venue,Black,41.5,71.93,Hurst Ironmongers,Golf Shop,United Kingdom,Web,125110,1280,5
9/8/2015,42,70,70,2940,Personal Accessories,Watches,Relax,Venue,Green,41.58,72,Hurst Ironmongers,Golf Shop,United Kingdom,Web,125120,1280,5
3/9/2015,38,70,70,2660,Personal Accessories,Watches,Relax,Venue,Green,41.58,72,Hurst Ironmongers,Golf Shop,United Kingdom,Web,125120,1280,5
11/15/2015,44,70,70,3080,Personal Accessories,Watches,Relax,Venue,Green,41.58,72,Hurst Ironmongers,Golf Shop,United Kingdom,Web,125120,1280,5
8/16/2015,36,70,70,2520,Personal Accessories,Watches,Relax,Venue,Black,41.5,71.93,Hurst Ironmongers,Golf Shop,United Kingdom,Web,125110,1280,5
3/16/2015,31,70,70,2170,Personal Accessories,Watches,Relax,Venue,Green,41.58,72,Hurst Ironmongers,Golf Shop,United Kingdom,Web,125120,1280,5
6/18/2015,48,70,70,3360,Personal Accessories,Watches,Relax,Venue,Black,41.5,71.93,Hurst Ironmongers,Golf Shop,United Kingdom,Web,125110,1280,5
6/18/2015,50,70,70,3500,Personal Accessories,Watches,Relax,Venue,Green,41.58,72,Hurst Ironmongers,Golf Shop,United Kingdom,Web,125120,1280,5
4/23/2015,35,70,70,2450,Personal Accessories,Watches,Relax,Venue,Black,41.5,71.93,Hurst Ironmongers,Golf Shop,United Kingdom,Web,125110,1280,5
6/8/2015,4,70,70,280,Personal Accessories,Watches,Relax,Venue,Black,41.5,71.93,Hurst Ironmongers,Golf Shop,United Kingdom,Web,125110,1280,5
1/12/2015,27,70,70,1890,Personal Accessories,Watches,Relax,Venue,Black,41.5,71.93,Hurst Ironmongers,Golf Shop,United Kingdom,Web,125110,1280,5
8/10/2015,46,70,70,3220,Personal Accessories,Watches,Relax,Venue,Black,41.5,71.93,Hurst Ironmongers,Golf Shop,United Kingdom,Web,125110,1280,5
12/15/2015,48,70,70,3360,Personal Accessories,Watches,Relax,Venue,Green,41.58,72,Hurst Ironmongers,Golf Shop,United Kingdom,Web,125120,1280,5
5/13/2015,50,70,70,3500,Personal Accessories,Watches,Relax,Venue,Black,41.5,71.93,Hurst Ironmongers,Golf Shop,United Kingdom,Web,125110,1280,5
11/8/2015,31,70,70,2170,Personal Accessories,Watches,Relax,Venue,Green,41.58,72,Hurst Ironmongers,Golf Shop,United Kingdom,Web,125120,1280,5
8/13/2015,50,70,70,3500,Personal Accessories,Watches,Relax,Venue,Black,41.5,71.93,Hurst Ironmongers,Golf Shop,United Kingdom,Web,125110,1280,5
5/11/2015,55,70,70,3850,Personal Accessories,Watches,Relax,Venue,Black,41.5,71.93,Hurst Ironmongers,Golf Shop,United Kingdom,Web,125110,1280,5
6/18/2015,3,70,70,210,Personal Accessories,Watches,Relax,Venue,Black,41.5,71.93,Hurst Ironmongers,Golf Shop,United Kingdom,Web,125110,1280,5
9/9/2015,30,70,70,2100,Personal Accessories,Watches,Relax,Venue,Green,41.58,72,Hurst Ironmongers,Golf Shop,United Kingdom,Web,125120,1280,5
4/20/2015,31,70,70,2170,Personal Accessories,Watches,Relax,Venue,Black,41.5,71.93,Hurst Ironmongers,Golf Shop,United Kingdom,Web,125110,1280,5
6/16/2015,25,188,188,4700,Personal Accessories,Watches,Xray,TX,Silver,105.69,192.05,Hurst Ironmongers,Golf Shop,United Kingdom,Web,144180,1280,5
6/7/2015,22,188,188,4136,Personal Accessories,Watches,Xray,TX,Silver,105.69,192.05,Hurst Ironmongers,Golf Shop,United Kingdom,Web,144180,1280,5
1/21/2015,12,188,188,2256,Personal Accessories,Watches,Xray,TX,Silver,105.69,192.05,Hurst Ironmongers,Golf Shop,United Kingdom,Web,144180,1280,5
12/16/2015,19,188,188,3572,Personal Accessories,Watches,Xray,TX,Silver,105.69,192.05,Hurst Ironmongers,Golf Shop,United Kingdom,Web,144180,1280,5
12/10/2015,21,188,188,3948,Personal Accessories,Watches,Xray,TX,Silver,105.69,192.05,Hurst Ironmongers,Golf Shop,United Kingdom,Web,144180,1280,5
9/8/2015,13,188,188,2444,Personal Accessories,Watches,Xray,TX,Silver,105.69,192.05,Hurst Ironmongers,Golf Shop,United Kingdom,Web,144180,1280,5
1/23/2015,13,188,188,2444,Personal Accessories,Watches,Xray,TX,Silver,105.69,192.05,Hurst Ironmongers,Golf Shop,United Kingdom,Web,144180,1280,5
5/18/2015,16,188,188,3008,Personal Accessories,Watches,Xray,TX,Silver,105.69,192.05,Hurst Ironmongers,Golf Shop,United Kingdom,Web,144180,1280,5
9/8/2015,15,188,188,2820,Personal Accessories,Watches,Xray,TX,Silver,105.69,192.05,Hurst Ironmongers,Golf Shop,United Kingdom,Web,144180,1280,5
8/16/2015,13,188,188,2444,Personal Accessories,Watches,Xray,TX,Silver,105.69,192.05,Hurst Ironmongers,Golf Shop,United Kingdom,Web,144180,1280,5
6/18/2015,18,188,188,3384,Personal Accessories,Watches,Xray,TX,Silver,105.69,192.05,Hurst Ironmongers,Golf Shop,United Kingdom,Web,144180,1280,5
1/12/2015,9,188,188,1692,Personal Accessories,Watches,Xray,TX,Silver,105.69,192.05,Hurst Ironmongers,Golf Shop,United Kingdom,Web,144180,1280,5
8/10/2015,17,188,188,3196,Personal Accessories,Watches,Xray,TX,Silver,105.69,192.05,Hurst Ironmongers,Golf Shop,United Kingdom,Web,144180,1280,5
12/15/2015,15,188,188,2820,Personal Accessories,Watches,Xray,TX,Silver,105.69,192.05,Hurst Ironmongers,Golf Shop,United Kingdom,Web,144180,1280,5
5/13/2015,20,188,188,3760,Personal Accessories,Watches,Xray,TX,Silver,105.69,192.05,Hurst Ironmongers,Golf Shop,United Kingdom,Web,144180,1280,5
8/13/2015,18,188,188,3384,Personal Accessories,Watches,Xray,TX,Silver,105.69,192.05,Hurst Ironmongers,Golf Shop,United Kingdom,Web,144180,1280,5
5/11/2015,22,188,188,4136,Personal Accessories,Watches,Xray,TX,Silver,105.69,192.05,Hurst Ironmongers,Golf Shop,United Kingdom,Web,144180,1280,5
9/9/2015,11,188,188,2068,Personal Accessories,Watches,Xray,TX,Silver,105.69,192.05,Hurst Ironmongers,Golf Shop,United Kingdom,Web,144180,1280,5
11/15/2015,334,98.75,59.25,19789.5,Golf Equipment,Putters,Blue Steel,Blue Steel Putter,Black,41.2,90.95,Hurst Ironmongers,Golf Shop,United Kingdom,Telephone,110110,1280,2
11/12/2015,346,98.75,59.25,20500.5,Golf Equipment,Putters,Blue Steel,Blue Steel Putter,Black,41.2,90.95,Hurst Ironmongers,Golf Shop,United Kingdom,Telephone,110110,1280,2
10/18/2015,29,67.5,67.5,1957.5,Personal Accessories,Eyewear,Antoni,Bella,Pink,36.44,66.95,Hurst Ironmongers,Golf Shop,United Kingdom,Web,122120,1280,5
10/18/2015,37,67.5,67.5,2497.5,Personal Accessories,Eyewear,Antoni,Bella,Pink,36.44,66.95,Hurst Ironmongers,Golf Shop,United Kingdom,Web,122120,1280,5
10/22/2015,41,67.5,67.5,2767.5,Personal Accessories,Eyewear,Antoni,Bella,Pink,36.44,66.95,Hurst Ironmongers,Golf Shop,United Kingdom,Web,122120,1280,5
1/12/2015,58,928.53,863.53,50084.74,Golf Equipment,Irons,Hailstorm,Hailstorm Titanium Irons,Silver,466.57,928.53,Hurst Ironmongers,Golf Shop,United Kingdom,Telephone,102110,1280,2
2/9/2015,59,928.53,863.53,50948.27,Golf Equipment,Irons,Hailstorm,Hailstorm Titanium Irons,Silver,466.57,928.53,Hurst Ironmongers,Golf Shop,United Kingdom,Telephone,102110,1280,2
3/16/2015,47,928.53,863.53,40585.91,Golf Equipment,Irons,Hailstorm,Hailstorm Titanium Irons,Silver,466.57,928.53,Hurst Ironmongers,Golf Shop,United Kingdom,Telephone,102110,1280,2
3/9/2015,42,928.53,863.53,36268.26,Golf Equipment,Irons,Hailstorm,Hailstorm Titanium Irons,Silver,466.57,928.53,Hurst Ironmongers,Golf Shop,United Kingdom,Telephone,102110,1280,2
4/12/2015,48,928.53,863.53,41449.44,Golf Equipment,Irons,Hailstorm,Hailstorm Titanium Irons,Silver,466.57,928.53,Hurst Ironmongers,Golf Shop,United Kingdom,Telephone,102110,1280,2
6/9/2015,46,928.53,863.53,39722.38,Golf Equipment,Irons,Hailstorm,Hailstorm Titanium Irons,Silver,466.57,928.53,Hurst Ironmongers,Golf Shop,United Kingdom,Telephone,102110,1280,2
7/15/2015,50,928.53,863.53,43176.5,Golf Equipment,Irons,Hailstorm,Hailstorm Titanium Irons,Silver,466.57,928.53,Hurst Ironmongers,Golf Shop,United Kingdom,Telephone,102110,1280,2
7/14/2015,71,928.53,863.53,61310.63,Golf Equipment,Irons,Hailstorm,Hailstorm Titanium Irons,Silver,466.57,928.53,Hurst Ironmongers,Golf Shop,United Kingdom,Telephone,102110,1280,2
8/11/2015,47,928.53,863.53,40585.91,Golf Equipment,Irons,Hailstorm,Hailstorm Titanium Irons,Silver,466.57,928.53,Hurst Ironmongers,Golf Shop,United Kingdom,Web,102110,1280,5
10/22/2015,54,928.53,863.53,46630.62,Golf Equipment,Irons,Hailstorm,Hailstorm Titanium Irons,Silver,466.57,928.53,Hurst Ironmongers,Golf Shop,United Kingdom,Web,102110,1280,5
8/12/2015,28,910.82,847.06,23717.68,Golf Equipment,Woods,Hailstorm,Lady Hailstorm Steel Woods Set,Mahogany,449.13,910.82,Hurst Ironmongers,Golf Shop,United Kingdom,Telephone,108110,1280,2
8/12/2015,23,910.82,847.06,19482.38,Golf Equipment,Woods,Hailstorm,Lady Hailstorm Steel Woods Set,Mahogany,449.13,910.82,Hurst Ironmongers,Golf Shop,United Kingdom,Telephone,108110,1280,2
10/15/2015,39,910.82,847.06,33035.34,Golf Equipment,Woods,Hailstorm,Lady Hailstorm Steel Woods Set,Mahogany,449.13,910.82,Hurst Ironmongers,Golf Shop,United Kingdom,Telephone,108110,1280,2
10/15/2015,38,910.82,847.06,32188.28,Golf Equipment,Woods,Hailstorm,Lady Hailstorm Steel Woods Set,Mahogany,449.13,910.82,Hurst Ironmongers,Golf Shop,United Kingdom,Telephone,108110,1280,2
6/9/2015,368,76.86,71.48,26304.64,Golf Equipment,Putters,Course Pro,Course Pro Putter,Brass,31.12,74.96,Hurst Ironmongers,Golf Shop,United Kingdom,Telephone,109110,1280,2
11/8/2015,492,76.86,71.48,35168.16,Golf Equipment,Putters,Course Pro,Course Pro Putter,Brass,31.12,74.96,Hurst Ironmongers,Golf Shop,United Kingdom,Web,109110,1280,5
6/16/2015,104,44.9,44.9,4669.6,Personal Accessories,Watches,Relax,Sam,Red,27.81,46.11,Hurst Ironmongers,Golf Shop,United Kingdom,Web,136140,1280,5
3/10/2015,64,44.9,44.9,2873.6,Personal Accessories,Watches,Relax,Sam,Red,27.81,46.11,Hurst Ironmongers,Golf Shop,United Kingdom,Web,136140,1280,5
6/7/2015,94,44.9,44.9,4220.6,Personal Accessories,Watches,Relax,Sam,Red,27.81,46.11,Hurst Ironmongers,Golf Shop,United Kingdom,Web,136140,1280,5
12/16/2015,84,44.9,44.9,3771.6,Personal Accessories,Watches,Relax,Sam,Red,27.81,46.11,Hurst Ironmongers,Golf Shop,United Kingdom,Web,136140,1280,5
12/10/2015,92,44.9,44.9,4130.8,Personal Accessories,Watches,Relax,Sam,Red,27.81,46.11,Hurst Ironmongers,Golf Shop,United Kingdom,Web,136140,1280,5
11/9/2015,60,44.9,44.9,2694,Personal Accessories,Watches,Relax,Sam,Red,27.81,46.11,Hurst Ironmongers,Golf Shop,United Kingdom,Web,136140,1280,5
9/8/2015,56,44.9,44.9,2514.4,Personal Accessories,Watches,Relax,Sam,Red,27.81,46.11,Hurst Ironmongers,Golf Shop,United Kingdom,Web,136140,1280,5
5/18/2015,62,44.9,44.9,2783.8,Personal Accessories,Watches,Relax,Sam,Red,27.81,46.11,Hurst Ironmongers,Golf Shop,United Kingdom,Web,136140,1280,5
9/8/2015,62,44.9,44.9,2783.8,Personal Accessories,Watches,Relax,Sam,Red,27.81,46.11,Hurst Ironmongers,Golf Shop,United Kingdom,Web,136140,1280,5
3/9/2015,58,44.9,44.9,2604.2,Personal Accessories,Watches,Relax,Sam,Red,27.81,46.11,Hurst Ironmongers,Golf Shop,United Kingdom,Web,136140,1280,5
11/15/2015,66,44.9,44.9,2963.4,Personal Accessories,Watches,Relax,Sam,Red,27.81,46.11,Hurst Ironmongers,Golf Shop,United Kingdom,Web,136140,1280,5
8/16/2015,54,44.9,44.9,2424.6,Personal Accessories,Watches,Relax,Sam,Red,27.81,46.11,Hurst Ironmongers,Golf Shop,United Kingdom,Web,136140,1280,5
3/16/2015,46,44.9,44.9,2065.4,Personal Accessories,Watches,Relax,Sam,Red,27.81,46.11,Hurst Ironmongers,Golf Shop,United Kingdom,Web,136140,1280,5
6/18/2015,75,44.9,44.9,3367.5,Personal Accessories,Watches,Relax,Sam,Red,27.81,46.11,Hurst Ironmongers,Golf Shop,United Kingdom,Web,136140,1280,5
8/10/2015,68,44.9,44.9,3053.2,Personal Accessories,Watches,Relax,Sam,Red,27.81,46.11,Hurst Ironmongers,Golf Shop,United Kingdom,Web,136140,1280,5
12/15/2015,67,44.9,44.9,3008.3,Personal Accessories,Watches,Relax,Sam,Red,27.81,46.11,Hurst Ironmongers,Golf Shop,United Kingdom,Web,136140,1280,5
5/13/2015,78,44.9,44.9,3502.2,Personal Accessories,Watches,Relax,Sam,Red,27.81,46.11,Hurst Ironmongers,Golf Shop,United Kingdom,Web,136140,1280,5
11/8/2015,47,44.9,44.9,2110.3,Personal Accessories,Watches,Relax,Sam,Red,27.81,46.11,Hurst Ironmongers,Golf Shop,United Kingdom,Web,136140,1280,5
8/13/2015,75,44.9,44.9,3367.5,Personal Accessories,Watches,Relax,Sam,Red,27.81,46.11,Hurst Ironmongers,Golf Shop,United Kingdom,Web,136140,1280,5
5/11/2015,86,44.9,44.9,3861.4,Personal Accessories,Watches,Relax,Sam,Red,27.81,46.11,Hurst Ironmongers,Golf Shop,United Kingdom,Web,136140,1280,5
9/9/2015,44,44.9,44.9,1975.6,Personal Accessories,Watches,Relax,Sam,Red,27.81,46.11,Hurst Ironmongers,Golf Shop,United Kingdom,Web,136140,1280,5
3/10/2015,97,30.7,30.7,2977.9,Personal Accessories,Eyewear,Relax,Zone,Black,20.96,31.42,Hurst Ironmongers,Golf Shop,United Kingdom,Web,147110,1280,5
3/10/2015,99,30.7,30.7,3039.3,Personal Accessories,Eyewear,Relax,Zone,Blue,20.73,31.03,Hurst Ironmongers,Golf Shop,United Kingdom,Web,147120,1280,5
3/10/2015,99,30.7,30.7,3039.3,Personal Accessories,Eyewear,Relax,Zone,Brown,21.12,31.7,Hurst Ironmongers,Golf Shop,United Kingdom,Web,147130,1280,5
1/21/2015,82,30.7,30.7,2517.4,Personal Accessories,Eyewear,Relax,Zone,Blue,20.73,31.03,Hurst Ironmongers,Golf Shop,United Kingdom,Web,147120,1280,5
12/16/2015,123,30.7,30.7,3776.1,Personal Accessories,Eyewear,Relax,Zone,Black,20.96,31.42,Hurst Ironmongers,Golf Shop,United Kingdom,Web,147110,1280,5
12/16/2015,123,30.7,30.7,3776.1,Personal Accessories,Eyewear,Relax,Zone,Blue,20.73,31.03,Hurst Ironmongers,Golf Shop,United Kingdom,Web,147120,1280,5
12/10/2015,136,30.7,30.7,4175.2,Personal Accessories,Eyewear,Relax,Zone,Black,20.96,31.42,Hurst Ironmongers,Golf Shop,United Kingdom,Web,147110,1280,5
12/10/2015,135,30.7,30.7,4144.5,Personal Accessories,Eyewear,Relax,Zone,Blue,20.73,31.03,Hurst Ironmongers,Golf Shop,United Kingdom,Web,147120,1280,5
11/9/2015,87,30.7,30.7,2670.9,Personal Accessories,Eyewear,Relax,Zone,Black,20.96,31.42,Hurst Ironmongers,Golf Shop,United Kingdom,Web,147110,1280,5
11/9/2015,90,30.7,30.7,2763,Personal Accessories,Eyewear,Relax,Zone,Blue,20.73,31.03,Hurst Ironmongers,Golf Shop,United Kingdom,Web,147120,1280,5
2/13/2015,58,30.7,30.7,1780.6,Personal Accessories,Eyewear,Relax,Zone,Brown,21.12,31.7,Hurst Ironmongers,Golf Shop,United Kingdom,Web,147130,1280,5
9/8/2015,86,30.7,30.7,2640.2,Personal Accessories,Eyewear,Relax,Zone,Blue,20.73,31.03,Hurst Ironmongers,Golf Shop,United Kingdom,Web,147120,1280,5
1/23/2015,90,30.7,30.7,2763,Personal Accessories,Eyewear,Relax,Zone,Blue,20.73,31.03,Hurst Ironmongers,Golf Shop,United Kingdom,Web,147120,1280,5
9/8/2015,94,30.7,30.7,2885.8,Personal Accessories,Eyewear,Relax,Zone,Blue,20.73,31.03,Hurst Ironmongers,Golf Shop,United Kingdom,Web,147120,1280,5
3/9/2015,88,30.7,30.7,2701.6,Personal Accessories,Eyewear,Relax,Zone,Black,20.96,31.42,Hurst Ironmongers,Golf Shop,United Kingdom,Web,147110,1280,5
3/9/2015,90,30.7,30.7,2763,Personal Accessories,Eyewear,Relax,Zone,Blue,20.73,31.03,Hurst Ironmongers,Golf Shop,United Kingdom,Web,147120,1280,5
3/9/2015,90,30.7,30.7,2763,Personal Accessories,Eyewear,Relax,Zone,Brown,21.12,31.7,Hurst Ironmongers,Golf Shop,United Kingdom,Web,147130,1280,5
11/15/2015,96,30.7,30.7,2947.2,Personal Accessories,Eyewear,Relax,Zone,Black,20.96,31.42,Hurst Ironmongers,Golf Shop,United Kingdom,Web,147110,1280,5
11/15/2015,99,30.7,30.7,3039.3,Personal Accessories,Eyewear,Relax,Zone,Blue,20.73,31.03,Hurst Ironmongers,Golf Shop,United Kingdom,Web,147120,1280,5
3/16/2015,70,30.7,30.7,2149,Personal Accessories,Eyewear,Relax,Zone,Black,20.96,31.42,Hurst Ironmongers,Golf Shop,United Kingdom,Web,147110,1280,5
3/16/2015,72,30.7,30.7,2210.4,Personal Accessories,Eyewear,Relax,Zone,Blue,20.73,31.03,Hurst Ironmongers,Golf Shop,United Kingdom,Web,147120,1280,5
3/16/2015,71,30.7,30.7,2179.7,Personal Accessories,Eyewear,Relax,Zone,Brown,21.12,31.7,Hurst Ironmongers,Golf Shop,United Kingdom,Web,147130,1280,5
2/9/2015,73,30.7,30.7,2241.1,Personal Accessories,Eyewear,Relax,Zone,Brown,21.12,31.7,Hurst Ironmongers,Golf Shop,United Kingdom,Web,147130,1280,5
1/12/2015,65,30.7,30.7,1995.5,Personal Accessories,Eyewear,Relax,Zone,Blue,20.73,31.03,Hurst Ironmongers,Golf Shop,United Kingdom,Web,147120,1280,5
2/16/2015,80,30.7,30.7,2456,Personal Accessories,Eyewear,Relax,Zone,Brown,21.12,31.7,Hurst Ironmongers,Golf Shop,United Kingdom,Web,147130,1280,5
12/15/2015,98,30.7,30.7,3008.6,Personal Accessories,Eyewear,Relax,Zone,Black,20.96,31.42,Hurst Ironmongers,Golf Shop,United Kingdom,Web,147110,1280,5
12/15/2015,98,30.7,30.7,3008.6,Personal Accessories,Eyewear,Relax,Zone,Blue,20.73,31.03,Hurst Ironmongers,Golf Shop,United Kingdom,Web,147120,1280,5
11/8/2015,69,30.7,30.7,2118.3,Personal Accessories,Eyewear,Relax,Zone,Black,20.96,31.42,Hurst Ironmongers,Golf Shop,United Kingdom,Web,147110,1280,5
11/8/2015,71,30.7,30.7,2179.7,Personal Accessories,Eyewear,Relax,Zone,Blue,20.73,31.03,Hurst Ironmongers,Golf Shop,United Kingdom,Web,147120,1280,5
9/9/2015,68,30.7,30.7,2087.6,Personal Accessories,Eyewear,Relax,Zone,Blue,20.73,31.03,Hurst Ironmongers,Golf Shop,United Kingdom,Web,147120,1280,5
1/12/2015,245,10.71,10.39,2545.55,Golf Equipment,Golf Accessories,Course Pro,Course Pro Gloves,Red,2.54,10.71,Hurst Ironmongers,Golf Shop,United Kingdom,Telephone,115110,1280,2
5/12/2015,305,10.71,10.39,3168.95,Golf Equipment,Golf Accessories,Course Pro,Course Pro Gloves,Red,2.54,10.71,Hurst Ironmongers,Golf Shop,United Kingdom,Telephone,115110,1280,2
6/9/2015,318,10.71,10.39,3304.02,Golf Equipment,Golf Accessories,Course Pro,Course Pro Gloves,Red,2.54,10.71,Hurst Ironmongers,Golf Shop,United Kingdom,Telephone,115110,1280,2
12/13/2015,252,10.71,10.39,2618.28,Golf Equipment,Golf Accessories,Course Pro,Course Pro Gloves,Red,2.54,10.71,Hurst Ironmongers,Golf Shop,United Kingdom,Telephone,115110,1280,2
1/12/2015,185,180.63,167.99,31078.15,Golf Equipment,Putters,Blue Steel,Blue Steel Max Putter,Bronze,89.41,180.63,Hurst Ironmongers,Golf Shop,United Kingdom,Telephone,111110,1280,2
2/9/2015,176,180.63,167.99,29566.24,Golf Equipment,Putters,Blue Steel,Blue Steel Max Putter,Bronze,89.41,180.63,Hurst Ironmongers,Golf Shop,United Kingdom,Telephone,111110,1280,2
2/9/2015,167,180.63,167.99,28054.33,Golf Equipment,Putters,Blue Steel,Blue Steel Max Putter,Bronze,89.41,180.63,Hurst Ironmongers,Golf Shop,United Kingdom,Telephone,111110,1280,2
5/12/2015,130,180.63,167.99,21838.7,Golf Equipment,Putters,Blue Steel,Blue Steel Max Putter,Bronze,89.41,180.63,Hurst Ironmongers,Golf Shop,United Kingdom,Telephone,111110,1280,2
6/9/2015,262,180.63,167.99,44013.38,Golf Equipment,Putters,Blue Steel,Blue Steel Max Putter,Bronze,89.41,180.63,Hurst Ironmongers,Golf Shop,United Kingdom,Telephone,111110,1280,2
10/15/2015,180,180.63,167.99,30238.2,Golf Equipment,Putters,Blue Steel,Blue Steel Max Putter,Bronze,89.41,180.63,Hurst Ironmongers,Golf Shop,United Kingdom,Telephone,111110,1280,2
10/15/2015,189,180.63,167.99,31750.11,Golf Equipment,Putters,Blue Steel,Blue Steel Max Putter,Bronze,89.41,180.63,Hurst Ironmongers,Golf Shop,United Kingdom,Telephone,111110,1280,2
3/16/2015,29,1359.72,1264.54,36671.66,Golf Equipment,Woods,Hailstorm,Lady Hailstorm Titanium Woods Set,Bronze,637.81,1359.72,Hurst Ironmongers,Golf Shop,United Kingdom,Telephone,107110,1280,2
6/9/2015,47,1359.72,1264.54,59433.38,Golf Equipment,Woods,Hailstorm,Lady Hailstorm Titanium Woods Set,Bronze,637.81,1359.72,Hurst Ironmongers,Golf Shop,United Kingdom,Telephone,107110,1280,2
8/12/2015,44,1359.72,1264.54,55639.76,Golf Equipment,Woods,Hailstorm,Lady Hailstorm Titanium Woods Set,Bronze,637.81,1359.72,Hurst Ironmongers,Golf Shop,United Kingdom,Telephone,107110,1280,2
8/12/2015,29,1359.72,1264.54,36671.66,Golf Equipment,Woods,Hailstorm,Lady Hailstorm Titanium Woods Set,Bronze,637.81,1359.72,Hurst Ironmongers,Golf Shop,United Kingdom,Telephone,107110,1280,2
9/10/2015,29,1359.72,1264.54,36671.66,Golf Equipment,Woods,Hailstorm,Lady Hailstorm Titanium Woods Set,Bronze,637.81,1359.72,Hurst Ironmongers,Golf Shop,United Kingdom,Web,107110,1280,5
12/13/2015,42,1359.72,1264.54,53110.68,Golf Equipment,Woods,Hailstorm,Lady Hailstorm Titanium Woods Set,Bronze,637.81,1359.72,Hurst Ironmongers,Golf Shop,United Kingdom,Telephone,107110,1280,2
12/13/2015,30,1359.72,1264.54,37936.2,Golf Equipment,Woods,Hailstorm,Lady Hailstorm Titanium Woods Set,Bronze,637.81,1359.72,Hurst Ironmongers,Golf Shop,United Kingdom,Telephone,107110,1280,2
6/15/2015,425,12.81,12.43,5282.75,Golf Equipment,Golf Accessories,Course Pro,Course Pro Umbrella,Red,6.08,12.81,Hurst Ironmongers,Golf Shop,United Kingdom,Web,113110,1280,5
9/9/2015,494,12.81,12.43,6140.42,Golf Equipment,Golf Accessories,Course Pro,Course Pro Umbrella,Red,6.08,12.81,Hurst Ironmongers,Golf Shop,United Kingdom,Telephone,113110,1280,2
4/23/2015,86,20.15,20.15,1732.9,Personal Accessories,Eyewear,Alpha,Fairway,Brown,12.15,20.51,Hurst Ironmongers,Golf Shop,United Kingdom,Web,127130,1280,5
1/21/2015,119,20.15,20.15,2397.85,Personal Accessories,Eyewear,Alpha,Fairway,Black,12.1,20.37,Hurst Ironmongers,Golf Shop,United Kingdom,Web,127110,1280,5
12/16/2015,182,20.15,20.15,3667.3,Personal Accessories,Eyewear,Alpha,Fairway,Brown,12.15,20.51,Hurst Ironmongers,Golf Shop,United Kingdom,Web,127130,1280,5
12/10/2015,201,20.15,20.15,4050.15,Personal Accessories,Eyewear,Alpha,Fairway,Brown,12.15,20.51,Hurst Ironmongers,Golf Shop,United Kingdom,Web,127130,1280,5
7/15/2015,15,20.15,20.15,302.25,Personal Accessories,Eyewear,Alpha,Fairway,Brown,12.15,20.51,Hurst Ironmongers,Golf Shop,United Kingdom,Web,127130,1280,5
11/9/2015,137,20.15,20.15,2760.55,Personal Accessories,Eyewear,Alpha,Fairway,Black,12.1,20.37,Hurst Ironmongers,Golf Shop,United Kingdom,Web,127110,1280,5
11/9/2015,137,20.15,20.15,2760.55,Personal Accessories,Eyewear,Alpha,Fairway,Brown,12.15,20.51,Hurst Ironmongers,Golf Shop,United Kingdom,Web,127130,1280,5
9/8/2015,125,20.15,20.15,2518.75,Personal Accessories,Eyewear,Alpha,Fairway,Black,12.1,20.37,Hurst Ironmongers,Golf Shop,United Kingdom,Web,127110,1280,5
1/23/2015,131,20.15,20.15,2639.65,Personal Accessories,Eyewear,Alpha,Fairway,Black,12.1,20.37,Hurst Ironmongers,Golf Shop,United Kingdom,Web,127110,1280,5
9/8/2015,138,20.15,20.15,2780.7,Personal Accessories,Eyewear,Alpha,Fairway,Black,12.1,20.37,Hurst Ironmongers,Golf Shop,United Kingdom,Web,127110,1280,5
7/19/2015,16,20.15,20.15,322.4,Personal Accessories,Eyewear,Alpha,Fairway,Brown,12.15,20.51,Hurst Ironmongers,Golf Shop,United Kingdom,Web,127130,1280,5
11/15/2015,151,20.15,20.15,3042.65,Personal Accessories,Eyewear,Alpha,Fairway,Black,12.1,20.37,Hurst Ironmongers,Golf Shop,United Kingdom,Web,127110,1280,5
11/15/2015,151,20.15,20.15,3042.65,Personal Accessories,Eyewear,Alpha,Fairway,Brown,12.15,20.51,Hurst Ironmongers,Golf Shop,United Kingdom,Web,127130,1280,5
4/23/2015,120,20.15,20.15,2418,Personal Accessories,Eyewear,Alpha,Fairway,Brown,12.15,20.51,Hurst Ironmongers,Golf Shop,United Kingdom,Web,127130,1280,5
1/12/2015,95,20.15,20.15,1914.25,Personal Accessories,Eyewear,Alpha,Fairway,Black,12.1,20.37,Hurst Ironmongers,Golf Shop,United Kingdom,Web,127110,1280,5
12/15/2015,145,20.15,20.15,2921.75,Personal Accessories,Eyewear,Alpha,Fairway,Brown,12.15,20.51,Hurst Ironmongers,Golf Shop,United Kingdom,Web,127130,1280,5
11/8/2015,109,20.15,20.15,2196.35,Personal Accessories,Eyewear,Alpha,Fairway,Black,12.1,20.37,Hurst Ironmongers,Golf Shop,United Kingdom,Web,127110,1280,5
11/8/2015,109,20.15,20.15,2196.35,Personal Accessories,Eyewear,Alpha,Fairway,Brown,12.15,20.51,Hurst Ironmongers,Golf Shop,United Kingdom,Web,127130,1280,5
7/16/2015,12,20.15,20.15,241.8,Personal Accessories,Eyewear,Alpha,Fairway,Brown,12.15,20.51,Hurst Ironmongers,Golf Shop,United Kingdom,Web,127130,1280,5
9/9/2015,100,20.15,20.15,2015,Personal Accessories,Eyewear,Alpha,Fairway,Black,12.1,20.37,Hurst Ironmongers,Golf Shop,United Kingdom,Web,127110,1280,5
4/20/2015,109,20.15,20.15,2196.35,Personal Accessories,Eyewear,Alpha,Fairway,Brown,12.15,20.51,Hurst Ironmongers,Golf Shop,United Kingdom,Web,127130,1280,5
10/18/2015,39,50.3,50.3,1961.7,Personal Accessories,Eyewear,Relax,Trendi,Black,30.02,50,Hurst Ironmongers,Golf Shop,United Kingdom,Web,143110,1280,5
11/9/2015,54,50.3,50.3,2716.2,Personal Accessories,Eyewear,Relax,Trendi,Brown,30.01,50,Hurst Ironmongers,Golf Shop,United Kingdom,Web,143120,1280,5
9/8/2015,49,50.3,50.3,2464.7,Personal Accessories,Eyewear,Relax,Trendi,Black,30.02,50,Hurst Ironmongers,Golf Shop,United Kingdom,Web,143110,1280,5
9/8/2015,49,50.3,50.3,2464.7,Personal Accessories,Eyewear,Relax,Trendi,Brown,30.01,50,Hurst Ironmongers,Golf Shop,United Kingdom,Web,143120,1280,5
9/8/2015,54,50.3,50.3,2716.2,Personal Accessories,Eyewear,Relax,Trendi,Black,30.02,50,Hurst Ironmongers,Golf Shop,United Kingdom,Web,143110,1280,5
9/8/2015,54,50.3,50.3,2716.2,Personal Accessories,Eyewear,Relax,Trendi,Brown,30.01,50,Hurst Ironmongers,Golf Shop,United Kingdom,Web,143120,1280,5
11/15/2015,60,50.3,50.3,3018,Personal Accessories,Eyewear,Relax,Trendi,Brown,30.01,50,Hurst Ironmongers,Golf Shop,United Kingdom,Web,143120,1280,5
8/16/2015,48,50.3,50.3,2414.4,Personal Accessories,Eyewear,Relax,Trendi,Black,30.02,50,Hurst Ironmongers,Golf Shop,United Kingdom,Web,143110,1280,5
10/18/2015,49,50.3,50.3,2464.7,Personal Accessories,Eyewear,Relax,Trendi,Black,30.02,50,Hurst Ironmongers,Golf Shop,United Kingdom,Web,143110,1280,5
10/22/2015,54,50.3,50.3,2716.2,Personal Accessories,Eyewear,Relax,Trendi,Black,30.02,50,Hurst Ironmongers,Golf Shop,United Kingdom,Web,143110,1280,5
8/10/2015,60,50.3,50.3,3018,Personal Accessories,Eyewear,Relax,Trendi,Black,30.02,50,Hurst Ironmongers,Golf Shop,United Kingdom,Web,143110,1280,5
11/8/2015,43,50.3,50.3,2162.9,Personal Accessories,Eyewear,Relax,Trendi,Brown,30.01,50,Hurst Ironmongers,Golf Shop,United Kingdom,Web,143120,1280,5
8/13/2015,66,50.3,50.3,3319.8,Personal Accessories,Eyewear,Relax,Trendi,Black,30.02,50,Hurst Ironmongers,Golf Shop,United Kingdom,Web,143110,1280,5
9/9/2015,39,50.3,50.3,1961.7,Personal Accessories,Eyewear,Relax,Trendi,Black,30.02,50,Hurst Ironmongers,Golf Shop,United Kingdom,Web,143110,1280,5
9/9/2015,39,50.3,50.3,1961.7,Personal Accessories,Eyewear,Relax,Trendi,Brown,30.01,50,Hurst Ironmongers,Golf Shop,United Kingdom,Web,143120,1280,5
4/23/2015,59,30.4,30.4,1793.6,Personal Accessories,Eyewear,Relax,Zone,Black,20.97,30.89,Hurst Ironmongers,Golf Shop,United Kingdom,Web,147160,1280,5
6/16/2015,145,30.4,30.4,4408,Personal Accessories,Eyewear,Relax,Zone,Silver,21,31.01,Hurst Ironmongers,Golf Shop,United Kingdom,Web,147180,1280,5
3/10/2015,97,30.4,30.4,2948.8,Personal Accessories,Eyewear,Relax,Zone,Silver,21,31.01,Hurst Ironmongers,Golf Shop,United Kingdom,Web,147180,1280,5
6/7/2015,131,30.4,30.4,3982.4,Personal Accessories,Eyewear,Relax,Zone,Silver,21,31.01,Hurst Ironmongers,Golf Shop,United Kingdom,Web,147180,1280,5
7/15/2015,14,30.4,30.4,425.6,Personal Accessories,Eyewear,Relax,Zone,Silver,21,31.01,Hurst Ironmongers,Golf Shop,United Kingdom,Web,147180,1280,5
2/13/2015,62,30.4,30.4,1884.8,Personal Accessories,Eyewear,Relax,Zone,Black,20.97,30.89,Hurst Ironmongers,Golf Shop,United Kingdom,Web,147160,1280,5
2/13/2015,62,30.4,30.4,1884.8,Personal Accessories,Eyewear,Relax,Zone,Brown,21.13,31.15,Hurst Ironmongers,Golf Shop,United Kingdom,Web,147170,1280,5
2/13/2015,59,30.4,30.4,1793.6,Personal Accessories,Eyewear,Relax,Zone,Silver,21,31.01,Hurst Ironmongers,Golf Shop,United Kingdom,Web,147180,1280,5
9/8/2015,85,30.4,30.4,2584,Personal Accessories,Eyewear,Relax,Zone,Black,20.97,30.89,Hurst Ironmongers,Golf Shop,United Kingdom,Web,147160,1280,5
5/18/2015,90,30.4,30.4,2736,Personal Accessories,Eyewear,Relax,Zone,Brown,21.13,31.15,Hurst Ironmongers,Golf Shop,United Kingdom,Web,147170,1280,5
9/8/2015,94,30.4,30.4,2857.6,Personal Accessories,Eyewear,Relax,Zone,Black,20.97,30.89,Hurst Ironmongers,Golf Shop,United Kingdom,Web,147160,1280,5
3/9/2015,88,30.4,30.4,2675.2,Personal Accessories,Eyewear,Relax,Zone,Silver,21,31.01,Hurst Ironmongers,Golf Shop,United Kingdom,Web,147180,1280,5
7/19/2015,16,30.4,30.4,486.4,Personal Accessories,Eyewear,Relax,Zone,Silver,21,31.01,Hurst Ironmongers,Golf Shop,United Kingdom,Web,147180,1280,5
8/16/2015,83,30.4,30.4,2523.2,Personal Accessories,Eyewear,Relax,Zone,Black,20.97,30.89,Hurst Ironmongers,Golf Shop,United Kingdom,Web,147160,1280,5
8/16/2015,77,30.4,30.4,2340.8,Personal Accessories,Eyewear,Relax,Zone,Brown,21.13,31.15,Hurst Ironmongers,Golf Shop,United Kingdom,Web,147170,1280,5
3/16/2015,70,30.4,30.4,2128,Personal Accessories,Eyewear,Relax,Zone,Silver,21,31.01,Hurst Ironmongers,Golf Shop,United Kingdom,Web,147180,1280,5
6/18/2015,105,30.4,30.4,3192,Personal Accessories,Eyewear,Relax,Zone,Silver,21,31.01,Hurst Ironmongers,Golf Shop,United Kingdom,Web,147180,1280,5
4/23/2015,81,30.4,30.4,2462.4,Personal Accessories,Eyewear,Relax,Zone,Black,20.97,30.89,Hurst Ironmongers,Golf Shop,United Kingdom,Web,147160,1280,5
2/9/2015,78,30.4,30.4,2371.2,Personal Accessories,Eyewear,Relax,Zone,Black,20.97,30.89,Hurst Ironmongers,Golf Shop,United Kingdom,Web,147160,1280,5
2/9/2015,78,30.4,30.4,2371.2,Personal Accessories,Eyewear,Relax,Zone,Brown,21.13,31.15,Hurst Ironmongers,Golf Shop,United Kingdom,Web,147170,1280,5
2/9/2015,75,30.4,30.4,2280,Personal Accessories,Eyewear,Relax,Zone,Silver,21,31.01,Hurst Ironmongers,Golf Shop,United Kingdom,Web,147180,1280,5
2/16/2015,85,30.4,30.4,2584,Personal Accessories,Eyewear,Relax,Zone,Black,20.97,30.89,Hurst Ironmongers,Golf Shop,United Kingdom,Web,147160,1280,5
2/16/2015,86,30.4,30.4,2614.4,Personal Accessories,Eyewear,Relax,Zone,Brown,21.13,31.15,Hurst Ironmongers,Golf Shop,United Kingdom,Web,147170,1280,5
2/16/2015,82,30.4,30.4,2492.8,Personal Accessories,Eyewear,Relax,Zone,Silver,21,31.01,Hurst Ironmongers,Golf Shop,United Kingdom,Web,147180,1280,5
8/10/2015,104,30.4,30.4,3161.6,Personal Accessories,Eyewear,Relax,Zone,Black,20.97,30.89,Hurst Ironmongers,Golf Shop,United Kingdom,Web,147160,1280,5
8/10/2015,96,30.4,30.4,2918.4,Personal Accessories,Eyewear,Relax,Zone,Brown,21.13,31.15,Hurst Ironmongers,Golf Shop,United Kingdom,Web,147170,1280,5
5/13/2015,113,30.4,30.4,3435.2,Personal Accessories,Eyewear,Relax,Zone,Brown,21.13,31.15,Hurst Ironmongers,Golf Shop,United Kingdom,Web,147170,1280,5
8/13/2015,115,30.4,30.4,3496,Personal Accessories,Eyewear,Relax,Zone,Black,20.97,30.89,Hurst Ironmongers,Golf Shop,United Kingdom,Web,147160,1280,5
8/13/2015,106,30.4,30.4,3222.4,Personal Accessories,Eyewear,Relax,Zone,Brown,21.13,31.15,Hurst Ironmongers,Golf Shop,United Kingdom,Web,147170,1280,5
5/11/2015,125,30.4,30.4,3800,Personal Accessories,Eyewear,Relax,Zone,Brown,21.13,31.15,Hurst Ironmongers,Golf Shop,United Kingdom,Web,147170,1280,5
7/16/2015,11,30.4,30.4,334.4,Personal Accessories,Eyewear,Relax,Zone,Silver,21,31.01,Hurst Ironmongers,Golf Shop,United Kingdom,Web,147180,1280,5
9/9/2015,68,30.4,30.4,2067.2,Personal Accessories,Eyewear,Relax,Zone,Black,20.97,30.89,Hurst Ironmongers,Golf Shop,United Kingdom,Web,147160,1280,5
4/20/2015,74,30.4,30.4,2249.6,Personal Accessories,Eyewear,Relax,Zone,Black,20.97,30.89,Hurst Ironmongers,Golf Shop,United Kingdom,Web,147160,1280,5
1/12/2015,55,1271.08,1182.1,65015.5,Golf Equipment,Woods,Hailstorm,Hailstorm Titanium Woods Set,Bronze,648.72,1271.08,Hurst Ironmongers,Golf Shop,United Kingdom,Telephone,105110,1280,2
2/16/2015,49,1271.08,1182.1,57922.9,Golf Equipment,Woods,Hailstorm,Hailstorm Titanium Woods Set,Bronze,648.72,1271.08,Hurst Ironmongers,Golf Shop,United Kingdom,Telephone,105110,1280,2
3/16/2015,44,1271.08,1182.1,52012.4,Golf Equipment,Woods,Hailstorm,Hailstorm Titanium Woods Set,Bronze,648.72,1271.08,Hurst Ironmongers,Golf Shop,United Kingdom,Telephone,105110,1280,2
4/13/2015,48,1271.08,1182.1,56740.8,Golf Equipment,Woods,Hailstorm,Hailstorm Titanium Woods Set,Bronze,648.72,1271.08,Hurst Ironmongers,Golf Shop,United Kingdom,Telephone,105110,1280,2
6/9/2015,79,1271.08,1182.1,93385.9,Golf Equipment,Woods,Hailstorm,Hailstorm Titanium Woods Set,Bronze,648.72,1271.08,Hurst Ironmongers,Golf Shop,United Kingdom,Telephone,105110,1280,2
6/15/2015,38,1271.08,1182.1,44919.8,Golf Equipment,Woods,Hailstorm,Hailstorm Titanium Woods Set,Bronze,648.72,1271.08,Hurst Ironmongers,Golf Shop,United Kingdom,Web,105110,1280,5
7/15/2015,43,1271.08,1182.1,50830.3,Golf Equipment,Woods,Hailstorm,Hailstorm Titanium Woods Set,Bronze,648.72,1271.08,Hurst Ironmongers,Golf Shop,United Kingdom,Telephone,105110,1280,2
9/10/2015,45,1271.08,1182.1,53194.5,Golf Equipment,Woods,Hailstorm,Hailstorm Titanium Woods Set,Bronze,648.72,1271.08,Hurst Ironmongers,Golf Shop,United Kingdom,Web,105110,1280,5
10/15/2015,45,1271.08,1182.1,53194.5,Golf Equipment,Woods,Hailstorm,Hailstorm Titanium Woods Set,Bronze,648.72,1271.08,Hurst Ironmongers,Golf Shop,United Kingdom,Telephone,105110,1280,2
10/15/2015,65,1271.08,1182.1,76836.5,Golf Equipment,Woods,Hailstorm,Hailstorm Titanium Woods Set,Bronze,648.72,1271.08,Hurst Ironmongers,Golf Shop,United Kingdom,Telephone,105110,1280,2
12/13/2015,60,1271.08,1182.1,70926,Golf Equipment,Woods,Hailstorm,Hailstorm Titanium Woods Set,Bronze,648.72,1271.08,Hurst Ironmongers,Golf Shop,United Kingdom,Telephone,105110,1280,2
10/22/2015,53,219.3,203.95,10809.35,Golf Equipment,Golf Accessories,Course Pro,Course Pro Golf Bag,Grey,79.7,219.3,Hurst Ironmongers,Golf Shop,United Kingdom,Web,114110,1280,5
3/9/2015,567,10.64,5.11,2897.37,Golf Equipment,Golf Accessories,Course Pro,Course Pro Golf and Tee Set,Multicolored,2.88,10.64,Hurst Ironmongers,Golf Shop,United Kingdom,Telephone,112110,1280,2
2/9/2015,39,1161.46,1080.16,42126.24,Golf Equipment,Woods,Hailstorm,Hailstorm Steel Woods Set,Mahogany,384.45,798.56,Hurst Ironmongers,Golf Shop,United Kingdom,Telephone,106110,1280,2
2/9/2015,37,1161.46,1080.16,39965.92,Golf Equipment,Woods,Hailstorm,Hailstorm Steel Woods Set,Mahogany,384.45,798.56,Hurst Ironmongers,Golf Shop,United Kingdom,Telephone,106110,1280,2
4/13/2015,29,1161.46,1080.16,31324.64,Golf Equipment,Woods,Hailstorm,Hailstorm Steel Woods Set,Mahogany,384.45,798.56,Hurst Ironmongers,Golf Shop,United Kingdom,Telephone,106110,1280,2
4/13/2015,42,1161.46,1080.16,45366.72,Golf Equipment,Woods,Hailstorm,Hailstorm Steel Woods Set,Mahogany,384.45,798.56,Hurst Ironmongers,Golf Shop,United Kingdom,Telephone,106110,1280,2
9/9/2015,28,1161.46,1080.16,30244.48,Golf Equipment,Woods,Hailstorm,Hailstorm Steel Woods Set,Mahogany,384.45,798.56,Hurst Ironmongers,Golf Shop,United Kingdom,Telephone,106110,1280,2
9/9/2015,74,630.25,441.18,32647.32,Golf Equipment,Irons,Hailstorm,Hailstorm Steel Irons,Silver,239.71,498.45,Hurst Ironmongers,Golf Shop,United Kingdom,Telephone,101110,1280,2
9/9/2015,84,630.25,441.18,37059.12,Golf Equipment,Irons,Hailstorm,Hailstorm Steel Irons,Silver,239.71,498.45,Hurst Ironmongers,Golf Shop,United Kingdom,Telephone,101110,1280,2
11/15/2015,267,10.71,10.28,2744.76,Golf Equipment,Golf Accessories,Course Pro,Course Pro Gloves,Red,2.54,10.71,Hurst Ironmongers,Golf Shop,United Kingdom,Telephone,115110,1280,2
11/12/2015,457,10.71,10.28,4697.96,Golf Equipment,Golf Accessories,Course Pro,Course Pro Gloves,Red,2.54,10.71,Hurst Ironmongers,Golf Shop,United Kingdom,Telephone,115110,1280,2
3/9/2015,25,910.82,856.17,21404.25,Golf Equipment,Woods,Hailstorm,Lady Hailstorm Steel Woods Set,Mahogany,449.13,910.82,Hurst Ironmongers,Golf Shop,United Kingdom,Telephone,108110,1280,2
4/13/2015,47,532.75,495.46,23286.62,Golf Equipment,Irons,Hailstorm,Lady Hailstorm Steel Irons,Silver,277.76,532.75,Hurst Ironmongers,Golf Shop,United Kingdom,Telephone,103110,1280,2
7/15/2015,33,532.75,495.46,16350.18,Golf Equipment,Irons,Hailstorm,Lady Hailstorm Steel Irons,Silver,277.76,532.75,Hurst Ironmongers,Golf Shop,United Kingdom,Telephone,103110,1280,2
7/14/2015,51,532.75,495.46,25268.46,Golf Equipment,Irons,Hailstorm,Lady Hailstorm Steel Irons,Silver,277.76,532.75,Hurst Ironmongers,Golf Shop,United Kingdom,Telephone,103110,1280,2
8/12/2015,41,532.75,495.46,20313.86,Golf Equipment,Irons,Hailstorm,Lady Hailstorm Steel Irons,Silver,277.76,532.75,Hurst Ironmongers,Golf Shop,United Kingdom,Telephone,103110,1280,2
10/15/2015,46,532.75,495.46,22791.16,Golf Equipment,Irons,Hailstorm,Lady Hailstorm Steel Irons,Silver,277.76,532.75,Hurst Ironmongers,Golf Shop,United Kingdom,Telephone,103110,1280,2
12/13/2015,38,532.75,495.46,18827.48,Golf Equipment,Irons,Hailstorm,Lady Hailstorm Steel Irons,Silver,277.76,532.75,Hurst Ironmongers,Golf Shop,United Kingdom,Telephone,103110,1280,2
1/12/2015,511,12.81,12.3,6285.3,Golf Equipment,Golf Accessories,Course Pro,Course Pro Umbrella,Red,6.08,12.81,Hurst Ironmongers,Golf Shop,United Kingdom,Telephone,113110,1280,2
12/13/2015,567,12.81,12.3,6974.1,Golf Equipment,Golf Accessories,Course Pro,Course Pro Umbrella,Red,6.08,12.81,Hurst Ironmongers,Golf Shop,United Kingdom,Web,113110,1280,5
2/16/2015,436,10.64,10.32,4499.52,Golf Equipment,Golf Accessories,Course Pro,Course Pro Golf and Tee Set,Multicolored,2.88,10.64,Hurst Ironmongers,Golf Shop,United Kingdom,Telephone,112110,1280,2
4/13/2015,401,10.64,10.32,4138.32,Golf Equipment,Golf Accessories,Course Pro,Course Pro Golf and Tee Set,Multicolored,2.88,10.64,Hurst Ironmongers,Golf Shop,United Kingdom,Telephone,112110,1280,2
7/22/2015,437,10.64,10.32,4509.84,Golf Equipment,Golf Accessories,Course Pro,Course Pro Golf and Tee Set,Multicolored,2.88,10.64,Hurst Ironmongers,Golf Shop,United Kingdom,Web,112110,1280,5
3/9/2015,24,219.3,175.44,4210.56,Golf Equipment,Golf Accessories,Course Pro,Course Pro Golf Bag,Grey,79.7,219.3,Hurst Ironmongers,Golf Shop,United Kingdom,Telephone,114110,1280,2
3/9/2015,26,219.3,175.44,4561.44,Golf Equipment,Golf Accessories,Course Pro,Course Pro Golf Bag,Grey,79.7,219.3,Hurst Ironmongers,Golf Shop,United Kingdom,Telephone,114110,1280,2
1/12/2015,501,10.64,10.11,5065.11,Golf Equipment,Golf Accessories,Course Pro,Course Pro Golf and Tee Set,Multicolored,2.88,10.64,Hurst Ironmongers,Golf Shop,United Kingdom,Telephone,112110,1280,2
1/12/2015,523,10.64,10.11,5287.53,Golf Equipment,Golf Accessories,Course Pro,Course Pro Golf and Tee Set,Multicolored,2.88,10.64,Hurst Ironmongers,Golf Shop,United Kingdom,Telephone,112110,1280,2
5/12/2015,412,10.64,10.11,4165.32,Golf Equipment,Golf Accessories,Course Pro,Course Pro Golf and Tee Set,Multicolored,2.88,10.64,Hurst Ironmongers,Golf Shop,United Kingdom,Telephone,112110,1280,2
5/12/2015,667,10.64,10.11,6743.37,Golf Equipment,Golf Accessories,Course Pro,Course Pro Golf and Tee Set,Multicolored,2.88,10.64,Hurst Ironmongers,Golf Shop,United Kingdom,Telephone,112110,1280,2
2/9/2015,49,889.02,826.79,40512.71,Golf Equipment,Irons,Hailstorm,Lady Hailstorm Titanium Irons,Silver,441.97,889.02,Hurst Ironmongers,Golf Shop,United Kingdom,Telephone,104110,1280,2
2/9/2015,37,889.02,826.79,30591.23,Golf Equipment,Irons,Hailstorm,Lady Hailstorm Titanium Irons,Silver,441.97,889.02,Hurst Ironmongers,Golf Shop,United Kingdom,Telephone,104110,1280,2
6/9/2015,38,889.02,826.79,31418.02,Golf Equipment,Irons,Hailstorm,Lady Hailstorm Titanium Irons,Silver,441.97,889.02,Hurst Ironmongers,Golf Shop,United Kingdom,Telephone,104110,1280,2
7/15/2015,30,889.02,826.79,24803.7,Golf Equipment,Irons,Hailstorm,Lady Hailstorm Titanium Irons,Silver,441.97,889.02,Hurst Ironmongers,Golf Shop,United Kingdom,Telephone,104110,1280,2
7/14/2015,51,889.02,826.79,42166.29,Golf Equipment,Irons,Hailstorm,Lady Hailstorm Titanium Irons,Silver,441.97,889.02,Hurst Ironmongers,Golf Shop,United Kingdom,Telephone,104110,1280,2
9/9/2015,32,889.02,826.79,26457.28,Golf Equipment,Irons,Hailstorm,Lady Hailstorm Titanium Irons,Silver,441.97,889.02,Hurst Ironmongers,Golf Shop,United Kingdom,Telephone,104110,1280,2
9/9/2015,51,889.02,826.79,42166.29,Golf Equipment,Irons,Hailstorm,Lady Hailstorm Titanium Irons,Silver,441.97,889.02,Hurst Ironmongers,Golf Shop,United Kingdom,Telephone,104110,1280,2
5/12/2015,24,1359.72,1278.14,30675.36,Golf Equipment,Woods,Hailstorm,Lady Hailstorm Titanium Woods Set,Bronze,637.81,1359.72,Hurst Ironmongers,Golf Shop,United Kingdom,Telephone,107110,1280,2
4/23/2015,36,48.6,48.6,1749.6,Personal Accessories,Eyewear,Relax,Trendi,Black,30.02,50,Hurst Ironmongers,Golf Shop,United Kingdom,Web,143110,1280,5
1/21/2015,46,48.6,48.6,2235.6,Personal Accessories,Eyewear,Relax,Trendi,Black,30.02,50,Hurst Ironmongers,Golf Shop,United Kingdom,Web,143110,1280,5
7/15/2015,72,48.6,48.6,3499.2,Personal Accessories,Eyewear,Relax,Trendi,Black,30.02,50,Hurst Ironmongers,Golf Shop,United Kingdom,Web,143110,1280,5
7/15/2015,75,48.6,48.6,3645,Personal Accessories,Eyewear,Relax,Trendi,Brown,30.01,50,Hurst Ironmongers,Golf Shop,United Kingdom,Web,143120,1280,5
2/13/2015,36,48.6,48.6,1749.6,Personal Accessories,Eyewear,Relax,Trendi,Brown,30.01,50,Hurst Ironmongers,Golf Shop,United Kingdom,Web,143120,1280,5
1/23/2015,51,48.6,48.6,2478.6,Personal Accessories,Eyewear,Relax,Trendi,Black,30.02,50,Hurst Ironmongers,Golf Shop,United Kingdom,Web,143110,1280,5
1/23/2015,4,48.6,48.6,194.4,Personal Accessories,Eyewear,Relax,Trendi,Brown,30.01,50,Hurst Ironmongers,Golf Shop,United Kingdom,Web,143120,1280,5
5/18/2015,55,48.6,48.6,2673,Personal Accessories,Eyewear,Relax,Trendi,Brown,30.01,50,Hurst Ironmongers,Golf Shop,United Kingdom,Web,143120,1280,5
7/19/2015,79,48.6,48.6,3839.4,Personal Accessories,Eyewear,Relax,Trendi,Black,30.02,50,Hurst Ironmongers,Golf Shop,United Kingdom,Web,143110,1280,5
7/19/2015,82,48.6,48.6,3985.2,Personal Accessories,Eyewear,Relax,Trendi,Brown,30.01,50,Hurst Ironmongers,Golf Shop,United Kingdom,Web,143120,1280,5
4/23/2015,50,48.6,48.6,2430,Personal Accessories,Eyewear,Relax,Trendi,Black,30.02,50,Hurst Ironmongers,Golf Shop,United Kingdom,Web,143110,1280,5
2/9/2015,46,48.6,48.6,2235.6,Personal Accessories,Eyewear,Relax,Trendi,Brown,30.01,50,Hurst Ironmongers,Golf Shop,United Kingdom,Web,143120,1280,5
1/12/2015,37,48.6,48.6,1798.2,Personal Accessories,Eyewear,Relax,Trendi,Black,30.02,50,Hurst Ironmongers,Golf Shop,United Kingdom,Web,143110,1280,5
2/16/2015,51,48.6,48.6,2478.6,Personal Accessories,Eyewear,Relax,Trendi,Brown,30.01,50,Hurst Ironmongers,Golf Shop,United Kingdom,Web,143120,1280,5
5/13/2015,70,48.6,48.6,3402,Personal Accessories,Eyewear,Relax,Trendi,Brown,30.01,50,Hurst Ironmongers,Golf Shop,United Kingdom,Web,143120,1280,5
5/11/2015,77,48.6,48.6,3742.2,Personal Accessories,Eyewear,Relax,Trendi,Brown,30.01,50,Hurst Ironmongers,Golf Shop,United Kingdom,Web,143120,1280,5
7/16/2015,57,48.6,48.6,2770.2,Personal Accessories,Eyewear,Relax,Trendi,Black,30.02,50,Hurst Ironmongers,Golf Shop,United Kingdom,Web,143110,1280,5
7/16/2015,59,48.6,48.6,2867.4,Personal Accessories,Eyewear,Relax,Trendi,Brown,30.01,50,Hurst Ironmongers,Golf Shop,United Kingdom,Web,143120,1280,5
4/20/2015,45,48.6,48.6,2187,Personal Accessories,Eyewear,Relax,Trendi,Black,30.02,50,Hurst Ironmongers,Golf Shop,United Kingdom,Web,143110,1280,5
11/9/2015,100,26.8,26.8,2680,Personal Accessories,Eyewear,Trakker,Cat Eye,Pink,18.13,26.63,Hurst Ironmongers,Golf Shop,United Kingdom,Web,124140,1280,5
11/15/2015,110,26.8,26.8,2948,Personal Accessories,Eyewear,Trakker,Cat Eye,Pink,18.13,26.63,Hurst Ironmongers,Golf Shop,United Kingdom,Web,124140,1280,5
8/16/2015,87,26.8,26.8,2331.6,Personal Accessories,Eyewear,Trakker,Cat Eye,Pink,18.13,26.63,Hurst Ironmongers,Golf Shop,United Kingdom,Web,124140,1280,5
8/10/2015,110,26.8,26.8,2948,Personal Accessories,Eyewear,Trakker,Cat Eye,Pink,18.13,26.63,Hurst Ironmongers,Golf Shop,United Kingdom,Web,124140,1280,5
11/8/2015,79,26.8,26.8,2117.2,Personal Accessories,Eyewear,Trakker,Cat Eye,Pink,18.13,26.63,Hurst Ironmongers,Golf Shop,United Kingdom,Web,124140,1280,5
8/13/2015,121,26.8,26.8,3242.8,Personal Accessories,Eyewear,Trakker,Cat Eye,Pink,18.13,26.63,Hurst Ironmongers,Golf Shop,United Kingdom,Web,124140,1280,5
9/8/2015,60,43.85,43.85,2631,Personal Accessories,Eyewear,Trakker,Cat Eye,Black,28.17,43.64,Hurst Ironmongers,Golf Shop,United Kingdom,Web,124190,1280,5
9/8/2015,66,43.85,43.85,2894.1,Personal Accessories,Eyewear,Trakker,Cat Eye,Black,28.17,43.64,Hurst Ironmongers,Golf Shop,United Kingdom,Web,124190,1280,5
9/9/2015,48,43.85,43.85,2104.8,Personal Accessories,Eyewear,Trakker,Cat Eye,Black,28.17,43.64,Hurst Ironmongers,Golf Shop,United Kingdom,Web,124190,1280,5
3/9/2015,43,630.25,586.13,25203.59,Golf Equipment,Irons,Hailstorm,Hailstorm Steel Irons,Silver,239.71,498.45,Hurst Ironmongers,Golf Shop,United Kingdom,Telephone,101110,1280,2
5/12/2015,41,630.25,586.13,24031.33,Golf Equipment,Irons,Hailstorm,Hailstorm Steel Irons,Silver,239.71,498.45,Hurst Ironmongers,Golf Shop,United Kingdom,Telephone,101110,1280,2
5/12/2015,63,630.25,586.13,36926.19,Golf Equipment,Irons,Hailstorm,Hailstorm Steel Irons,Silver,239.71,498.45,Hurst Ironmongers,Golf Shop,United Kingdom,Telephone,101110,1280,2
11/15/2015,57,630.25,586.13,33409.41,Golf Equipment,Irons,Hailstorm,Hailstorm Steel Irons,Silver,239.71,498.45,Hurst Ironmongers,Golf Shop,United Kingdom,Telephone,101110,1280,2
6/9/2015,117,98.75,91.84,10745.28,Golf Equipment,Putters,Blue Steel,Blue Steel Putter,Black,41.2,90.95,Hurst Ironmongers,Golf Shop,United Kingdom,Telephone,110110,1280,2
7/19/2015,176,26,26,4576,Personal Accessories,Eyewear,Trakker,Cat Eye,Brown,18.05,26.69,Jensen Mountaineering,Outdoors Shop,United Kingdom,Web,124110,1281,5
7/19/2015,53,80,80,4240,Personal Accessories,Eyewear,Alpha,Maximus,Black,40.65,81.22,Jensen Mountaineering,Outdoors Shop,United Kingdom,Web,132110,1281,5
8/11/2015,85,80,80,6800,Personal Accessories,Eyewear,Alpha,Maximus,Black,40.65,81.22,Jensen Mountaineering,Outdoors Shop,United Kingdom,Web,132110,1281,5
12/8/2015,35,80,80,2800,Personal Accessories,Eyewear,Alpha,Maximus,Brown,40.47,80.45,Jensen Mountaineering,Outdoors Shop,United Kingdom,Web,132120,1281,5
10/12/2015,22,80,80,1760,Personal Accessories,Eyewear,Alpha,Maximus,Black,40.65,81.22,Jensen Mountaineering,Outdoors Shop,United Kingdom,Web,132110,1281,5
12/8/2015,27,80,80,2160,Personal Accessories,Eyewear,Alpha,Maximus,Brown,40.47,80.45,Jensen Mountaineering,Outdoors Shop,United Kingdom,Web,132120,1281,5
10/22/2015,17,80,80,1360,Personal Accessories,Eyewear,Alpha,Maximus,Black,40.65,81.22,Jensen Mountaineering,Outdoors Shop,United Kingdom,Web,132110,1281,5
7/19/2015,29,160,160,4640,Personal Accessories,Binoculars,Trakker,Ranger Vision,Black,76.28,163.48,Jensen Mountaineering,Outdoors Shop,United Kingdom,Web,135110,1281,5
8/11/2015,41,160,160,6560,Personal Accessories,Binoculars,Trakker,Ranger Vision,Silver,93.5,165.73,Jensen Mountaineering,Outdoors Shop,United Kingdom,Web,135120,1281,5
7/19/2015,104,42.25,42.25,4394,Personal Accessories,Eyewear,Trakker,Cat Eye,Black,28.17,43.64,Jensen Mountaineering,Outdoors Shop,United Kingdom,Web,124190,1281,5
7/19/2015,108,42.25,42.25,4563,Personal Accessories,Eyewear,Antoni,Dante,Red,28.21,43.68,Jensen Mountaineering,Outdoors Shop,United Kingdom,Web,126140,1281,5
8/11/2015,101,65,65,6565,Personal Accessories,Eyewear,Epoch,Inferno,Black,39.47,65.61,Jensen Mountaineering,Outdoors Shop,United Kingdom,Web,128140,1281,5
8/11/2015,25,260,260,6500,Personal Accessories,Watches,Epoch,Legend,Silver,148.6,267.69,Jensen Mountaineering,Outdoors Shop,United Kingdom,Web,145170,1281,5
11/18/2015,9,260,260,2340,Personal Accessories,Watches,Epoch,Legend,Silver,148.6,267.69,Jensen Mountaineering,Outdoors Shop,United Kingdom,Web,145170,1281,5
12/8/2015,10,260,260,2600,Personal Accessories,Watches,Epoch,Legend,Silver,148.6,267.69,Jensen Mountaineering,Outdoors Shop,United Kingdom,Web,145170,1281,5
12/8/2015,8,260,260,2080,Personal Accessories,Watches,Epoch,Legend,Silver,148.6,267.69,Jensen Mountaineering,Outdoors Shop,United Kingdom,Web,145170,1281,5
11/16/2015,7,260,260,1820,Personal Accessories,Watches,Epoch,Legend,Silver,148.6,267.69,Jensen Mountaineering,Outdoors Shop,United Kingdom,Web,145170,1281,5
7/19/2015,63,70,70,4410,Personal Accessories,Watches,Relax,Venue,Black,41.5,71.93,Jensen Mountaineering,Outdoors Shop,United Kingdom,Web,125110,1281,5
8/11/2015,100,70,70,7000,Personal Accessories,Watches,Relax,Venue,Black,41.5,71.93,Jensen Mountaineering,Outdoors Shop,United Kingdom,Web,125110,1281,5
11/18/2015,36,70,70,2520,Personal Accessories,Watches,Relax,Venue,Black,41.5,71.93,Jensen Mountaineering,Outdoors Shop,United Kingdom,Web,125110,1281,5
11/18/2015,39,70,70,2730,Personal Accessories,Watches,Relax,Venue,Green,41.58,72,Jensen Mountaineering,Outdoors Shop,United Kingdom,Web,125120,1281,5
12/8/2015,41,70,70,2870,Personal Accessories,Watches,Relax,Venue,Black,41.5,71.93,Jensen Mountaineering,Outdoors Shop,United Kingdom,Web,125110,1281,5
12/8/2015,32,70,70,2240,Personal Accessories,Watches,Relax,Venue,Black,41.5,71.93,Jensen Mountaineering,Outdoors Shop,United Kingdom,Web,125110,1281,5
9/7/2015,100,70,70,7000,Personal Accessories,Watches,Relax,Venue,Black,41.5,71.93,Jensen Mountaineering,Outdoors Shop,United Kingdom,Web,125110,1281,5
11/16/2015,28,70,70,1960,Personal Accessories,Watches,Relax,Venue,Black,41.5,71.93,Jensen Mountaineering,Outdoors Shop,United Kingdom,Web,125110,1281,5
11/16/2015,30,70,70,2100,Personal Accessories,Watches,Relax,Venue,Green,41.58,72,Jensen Mountaineering,Outdoors Shop,United Kingdom,Web,125120,1281,5
8/11/2015,34,188,188,6392,Personal Accessories,Watches,Xray,TX,Silver,105.69,192.05,Jensen Mountaineering,Outdoors Shop,United Kingdom,Web,144180,1281,5
11/18/2015,14,188,188,2632,Personal Accessories,Watches,Xray,TX,Silver,105.69,192.05,Jensen Mountaineering,Outdoors Shop,United Kingdom,Web,144180,1281,5
12/8/2015,16,188,188,3008,Personal Accessories,Watches,Xray,TX,Silver,105.69,192.05,Jensen Mountaineering,Outdoors Shop,United Kingdom,Web,144180,1281,5
10/12/2015,9,188,188,1692,Personal Accessories,Watches,Xray,TX,Silver,105.69,192.05,Jensen Mountaineering,Outdoors Shop,United Kingdom,Web,144180,1281,5
12/8/2015,12,188,188,2256,Personal Accessories,Watches,Xray,TX,Silver,105.69,192.05,Jensen Mountaineering,Outdoors Shop,United Kingdom,Web,144180,1281,5
10/22/2015,7,188,188,1316,Personal Accessories,Watches,Xray,TX,Silver,105.69,192.05,Jensen Mountaineering,Outdoors Shop,United Kingdom,Web,144180,1281,5
11/16/2015,11,188,188,2068,Personal Accessories,Watches,Xray,TX,Silver,105.69,192.05,Jensen Mountaineering,Outdoors Shop,United Kingdom,Web,144180,1281,5
12/8/2015,12,220,220,2640,Personal Accessories,Watches,Epoch,Infinity,Red,118.05,224.49,Jensen Mountaineering,Outdoors Shop,United Kingdom,Web,129130,1281,5
12/8/2015,10,220,220,2200,Personal Accessories,Watches,Epoch,Infinity,Red,118.05,224.49,Jensen Mountaineering,Outdoors Shop,United Kingdom,Web,129130,1281,5
11/15/2015,3581,7,6.51,23312.31,Outdoor Protection,Insect Repellents,Extreme,BugShield Extreme,Clear,2.42,7,Jensen Mountaineering,Outdoors Shop,United Kingdom,Telephone,90110,1281,2
7/19/2015,95,44.9,44.9,4265.5,Personal Accessories,Watches,Relax,Sam,Red,27.81,46.11,Jensen Mountaineering,Outdoors Shop,United Kingdom,Web,136140,1281,5
11/18/2015,52,44.9,44.9,2334.8,Personal Accessories,Watches,Relax,Sam,Red,27.81,46.11,Jensen Mountaineering,Outdoors Shop,United Kingdom,Web,136140,1281,5
12/8/2015,68,44.9,44.9,3053.2,Personal Accessories,Watches,Relax,Sam,Red,27.81,46.11,Jensen Mountaineering,Outdoors Shop,United Kingdom,Web,136140,1281,5
12/8/2015,53,44.9,44.9,2379.7,Personal Accessories,Watches,Relax,Sam,Red,27.81,46.11,Jensen Mountaineering,Outdoors Shop,United Kingdom,Web,136140,1281,5
9/7/2015,158,44.9,44.9,7094.2,Personal Accessories,Watches,Relax,Sam,Red,27.81,46.11,Jensen Mountaineering,Outdoors Shop,United Kingdom,Web,136140,1281,5
11/16/2015,41,44.9,44.9,1840.9,Personal Accessories,Watches,Relax,Sam,Red,27.81,46.11,Jensen Mountaineering,Outdoors Shop,United Kingdom,Web,136140,1281,5
8/11/2015,237,30.7,30.7,7275.9,Personal Accessories,Eyewear,Relax,Zone,Blue,20.73,31.03,Jensen Mountaineering,Outdoors Shop,United Kingdom,Web,147120,1281,5
10/12/2015,65,30.7,30.7,1995.5,Personal Accessories,Eyewear,Relax,Zone,Blue,20.73,31.03,Jensen Mountaineering,Outdoors Shop,United Kingdom,Web,147120,1281,5
10/22/2015,50,30.7,30.7,1535,Personal Accessories,Eyewear,Relax,Zone,Blue,20.73,31.03,Jensen Mountaineering,Outdoors Shop,United Kingdom,Web,147120,1281,5
9/7/2015,240,30.7,30.7,7368,Personal Accessories,Eyewear,Relax,Zone,Blue,20.73,31.03,Jensen Mountaineering,Outdoors Shop,United Kingdom,Web,147120,1281,5
8/11/2015,349,20.15,20.15,7032.35,Personal Accessories,Eyewear,Alpha,Fairway,Black,12.1,20.37,Jensen Mountaineering,Outdoors Shop,United Kingdom,Web,127110,1281,5
9/7/2015,347,20.15,20.15,6992.05,Personal Accessories,Eyewear,Alpha,Fairway,Black,12.1,20.37,Jensen Mountaineering,Outdoors Shop,United Kingdom,Web,127110,1281,5
8/11/2015,128,50.3,50.3,6438.4,Personal Accessories,Eyewear,Relax,Trendi,Brown,30.01,50,Jensen Mountaineering,Outdoors Shop,United Kingdom,Web,143120,1281,5
11/18/2015,48,50.3,50.3,2414.4,Personal Accessories,Eyewear,Relax,Trendi,Brown,30.01,50,Jensen Mountaineering,Outdoors Shop,United Kingdom,Web,143120,1281,5
9/7/2015,142,50.3,50.3,7142.6,Personal Accessories,Eyewear,Relax,Trendi,Brown,30.01,50,Jensen Mountaineering,Outdoors Shop,United Kingdom,Web,143120,1281,5
11/16/2015,38,50.3,50.3,1911.4,Personal Accessories,Eyewear,Relax,Trendi,Brown,30.01,50,Jensen Mountaineering,Outdoors Shop,United Kingdom,Web,143120,1281,5
7/19/2015,145,30.4,30.4,4408,Personal Accessories,Eyewear,Relax,Zone,Silver,21,31.01,Jensen Mountaineering,Outdoors Shop,United Kingdom,Web,147180,1281,5
12/8/2015,93,30.4,30.4,2827.2,Personal Accessories,Eyewear,Relax,Zone,Silver,21,31.01,Jensen Mountaineering,Outdoors Shop,United Kingdom,Web,147180,1281,5
12/8/2015,72,30.4,30.4,2188.8,Personal Accessories,Eyewear,Relax,Zone,Silver,21,31.01,Jensen Mountaineering,Outdoors Shop,United Kingdom,Web,147180,1281,5
11/15/2015,93,359.6,334.43,31101.99,Personal Accessories,Navigation,Extreme,Glacier GPS Extreme,Black,176.47,359.6,Jensen Mountaineering,Outdoors Shop,United Kingdom,Telephone,85110,1281,2
12/8/2015,101,359.6,334.43,33777.43,Personal Accessories,Navigation,Extreme,Glacier GPS Extreme,Black,176.47,359.6,Jensen Mountaineering,Outdoors Shop,United Kingdom,Web,85110,1281,5
8/11/2015,42,160.8,160.8,6753.6,Personal Accessories,Watches,Xray,Lux,Black,85.92,165.85,Jensen Mountaineering,Outdoors Shop,United Kingdom,Web,130110,1281,5
10/21/2015,232,119.69,111.31,25823.92,Personal Accessories,Knives,Extreme,Edge Extreme,Red,80,119.69,Jensen Mountaineering,Outdoors Shop,United Kingdom,Telephone,75110,1281,2
12/8/2015,31,294.38,273.77,8486.87,Personal Accessories,Watches,Extreme,Mountain Man Extreme,Silver,116.19,294.38,Jensen Mountaineering,Outdoors Shop,United Kingdom,Web,67110,1281,5
9/7/2015,260,26.8,26.8,6968,Personal Accessories,Eyewear,Trakker,Cat Eye,Brown,18.05,26.69,Jensen Mountaineering,Outdoors Shop,United Kingdom,Web,124110,1281,5
8/11/2015,161,43.85,43.85,7059.85,Personal Accessories,Eyewear,Antoni,Dante,Red,28.21,43.68,Jensen Mountaineering,Outdoors Shop,United Kingdom,Web,126140,1281,5
11/18/2015,64,43.85,43.85,2806.4,Personal Accessories,Eyewear,Trakker,Cat Eye,Black,28.17,43.64,Jensen Mountaineering,Outdoors Shop,United Kingdom,Web,124190,1281,5
12/8/2015,70,43.85,43.85,3069.5,Personal Accessories,Eyewear,Trakker,Cat Eye,Black,28.17,43.64,Jensen Mountaineering,Outdoors Shop,United Kingdom,Web,124190,1281,5
12/8/2015,54,43.85,43.85,2367.9,Personal Accessories,Eyewear,Trakker,Cat Eye,Black,28.17,43.64,Jensen Mountaineering,Outdoors Shop,United Kingdom,Web,124190,1281,5